Date,AGGH.MI,CSPX.L,EFA,GLD,TIP,TLT,VNQ,XEON.MI,SPY
2020-09-25,5.353000164031982,304.7269592285156,53.48351287841797,174.94000244140625,101.76207733154297,137.997802734375,62.83956527709961,136.14950561523438,304.7269592285156
2020-09-28,5.3520002365112305,309.7882995605469,54.28899383544922,176.6999969482422,101.97135162353516,137.60508728027344,64.12547302246094,136.1779022216797,309.7882995605469
2020-09-29,5.355999946594238,308.1012268066406,54.22964096069336,178.19000244140625,102.14038848876953,137.76380920410156,63.66450119018555,136.1221923828125,308.1012268066406
2020-09-30,5.343999862670898,310.4372253417969,53.966800689697266,177.1199951171875,101.83451843261719,136.44334411621094,63.85860061645508,136.14930725097656,310.4372253417969
2020-10-01,5.3480000495910645,312.43017578125,54.280513763427734,178.6999969482422,101.81591033935547,136.66844177246094,65.13642883300781,136.13600158691406,312.43017578125
2020-10-02,5.3470001220703125,309.4638671875,54.17028045654297,178.5399932861328,101.83208465576172,136.15809631347656,66.26057434082031,136.13360595703125,309.4638671875
2020-10-05,5.3470001220703125,314.9515075683594,54.99271774291992,179.41000366210938,101.52516174316406,133.4976806640625,66.64070129394531,136.15679931640625,314.9515075683594
2020-10-06,5.340000152587891,310.4742736816406,54.407691955566406,177.3000030517578,101.54133605957031,134.2171630859375,66.20396423339844,136.12550354003906,310.4742736816406
2020-10-07,5.341000080108643,315.8785705566406,54.874019622802734,177.22000122070312,101.53321075439453,133.23826599121094,66.30101013183594,136.12510681152344,315.8785705566406
2020-10-08,5.35099983215332,318.6780700683594,55.25556564331055,177.85000610351562,101.93709564208984,133.95774841308594,67.40899658203125,136.12069702148438,318.6780700683594
2020-10-09,5.3480000495910645,321.5238952636719,55.68796920776367,181.0800018310547,101.9693832397461,133.9326934814453,67.14209747314453,136.08700561523438,321.5238952636719
2020-10-12,5.348999977111816,326.6965026855469,56.01015853881836,180.55999755859375,102.03401947021484,134.35934448242188,67.45751190185547,136.1414031982422,326.6965026855469
2020-10-13,5.368000030517578,324.56439208984375,55.38274383544922,177.72000122070312,102.03401947021484,135.32147216796875,66.30101013183594,136.0780029296875,324.56439208984375
2020-10-14,5.360000133514404,322.5250244140625,55.28947067260742,178.27000427246094,102.03401947021484,135.63096618652344,65.49227905273438,136.07589721679688,322.5250244140625
2020-10-15,5.363999843597412,322.12640380859375,54.63661193847656,178.9199981689453,102.0016860961914,135.39674377441406,65.8319320678711,136.072998046875,322.12640380859375
2020-10-16,5.364999771118164,321.93170166015625,54.89097595214844,178.3000030517578,102.04207611083984,135.02024841308594,65.36286163330078,136.07989501953125,321.93170166015625
2020-10-19,5.364999771118164,317.0372314453125,54.68748474121094,178.38999938964844,101.7997817993164,134.5098876953125,64.34384155273438,136.13299560546875,317.0372314453125
2020-10-20,5.359000205993652,318.3072509765625,54.95880889892578,179.25,101.7109375,133.22991943359375,64.8048324584961,136.12939453125,318.3072509765625
2020-10-21,5.353000164031982,317.7047119140625,54.69596862792969,180.60000610351562,101.67861938476562,132.76976013183594,64.61073303222656,136.09500122070312,317.7047119140625
2020-10-22,5.340000152587891,319.4473876953125,54.73834991455078,178.8300018310547,101.52516174316406,131.38941955566406,64.6026382446289,136.09030151367188,319.4473876953125
2020-10-23,5.354000091552734,320.5320129394531,55.09446334838867,178.63999938964844,101.64630889892578,132.1925506591797,64.9908447265625,136.05599975585938,320.5320129394531
2020-10-26,5.348999977111816,314.608642578125,54.102455139160156,178.5500030517578,101.72710418701172,133.42237854003906,64.06078338623047,136.1179962158203,314.608642578125
2020-10-27,5.367000102996826,313.5240783691406,53.67851638793945,179.02000427246094,101.92900085449219,134.3175506591797,63.033668518066406,136.0780029296875,313.5240783691406
2020-10-28,5.35699987411499,302.80810546875,52.076053619384766,176.1300048828125,101.7997817993164,134.44300842285156,61.52940368652344,136.07730102539062,302.80810546875
2020-10-29,5.355000019073486,305.8856506347656,52.321937561035156,175.39999389648438,101.45246887207031,133.13790893554688,62.354312896728516,136.0760040283203,305.8856506347656
2020-10-30,5.354000091552734,302.69683837890625,52.05060958862305,176.1999969482422,101.14556121826172,131.82447814941406,61.941871643066406,136.07330322265625,302.69683837890625
2020-11-02,5.3480000495910645,306.0896301269531,52.72890853881836,177.91000366210938,101.51643371582031,132.81195068359375,63.421875,136.0706024169922,306.0896301269531
2020-11-03,5.3460001945495605,311.49395751953125,54.110931396484375,178.9199981689453,101.43544006347656,132.0413055419922,64.6430892944336,136.0594940185547,311.49395751953125
2020-11-04,5.363999843597412,318.45556640625,54.70444107055664,178.82000732421875,101.6054916381836,134.90560913085938,64.75630950927734,136.02999877929688,318.45556640625
2020-11-05,5.366000175476074,324.66632080078125,56.01863479614258,182.92999267578125,101.68644714355469,135.1400604248047,65.06362915039062,136.05780029296875,324.66632080078125
2020-11-06,5.363999843597412,324.5921936035156,56.1373405456543,183.19000244140625,101.22491455078125,133.50694274902344,64.61882019042969,136.05099487304688,324.5921936035156
2020-11-09,5.357999801635742,328.6709899902344,57.77372360229492,175.0800018310547,100.93341064453125,130.7012481689453,66.90757751464844,136.0200958251953,328.6709899902344
2020-11-10,5.349999904632568,328.1888122558594,58.290931701660156,175.66000366210938,101.03057861328125,129.9475860595703,67.88616180419922,136.02020263671875,328.1888122558594
2020-11-11,5.343999862670898,330.6268615722656,58.78268814086914,174.89999389648438,101.2087173461914,130.41659545898438,68.14495849609375,136.0500030517578,330.6268615722656
2020-11-12,5.3480000495910645,327.4195251464844,57.92633819580078,175.9600067138672,101.49213409423828,132.63595581054688,67.25534057617188,136.04249572753906,327.4195251464844
2020-11-13,5.35699987411499,331.95245361328125,58.81660842895508,177.16000366210938,101.4840316772461,132.46014404296875,69.05075073242188,136.0399932861328,331.95245361328125
2020-11-16,5.355000019073486,336.09600830078125,59.42706298828125,177.14999389648438,101.34638977050781,132.141845703125,69.8271484375,136.03579711914062,336.09600830078125
2020-11-17,5.360000133514404,334.2884826660156,59.367713928222656,176.5,101.51643371582031,133.00450134277344,69.89185333251953,136.03700256347656,334.2884826660156
2020-11-18,5.367000102996826,330.2653503417969,59.05400848388672,175.49000549316406,101.54878997802734,133.3897247314453,68.53315734863281,136.0323944091797,330.2653503417969
2020-11-19,5.373000144958496,331.6558532714844,59.46946716308594,175.16000366210938,101.6540756225586,134.0764923095703,68.80004119873047,136.02560424804688,331.6558532714844
2020-11-20,5.370999813079834,329.3846740722656,59.64751052856445,175.69000244140625,101.88076782226562,135.26576232910156,68.4280014038086,136.02439880371094,329.3846740722656
2020-11-23,5.369999885559082,331.3591613769531,59.57121658325195,172.22999572753906,101.79985046386719,134.64601135253906,68.55741882324219,136.0570068359375,331.3591613769531
2020-11-24,5.36299991607666,336.6985778808594,60.46146774291992,169.58999633789062,101.83222198486328,133.30599975585938,68.92134094238281,136.02029418945312,336.6985778808594
2020-11-25,5.374000072479248,336.17950439453125,60.38516616821289,169.50999450683594,102.00223541259766,132.89559936523438,68.96179962158203,136.0157012939453,336.17950439453125
2020-11-26,5.36899995803833,336.17950439453125,60.38516616821289,169.50999450683594,102.00223541259766,132.89559936523438,68.96179962158203,136.0157928466797,336.17950439453125
2020-11-27,5.374000072479248,337.1157531738281,60.80060958862305,167.7899932861328,102.25325775146484,134.1853485107422,68.65445709228516,136.00819396972656,337.1157531738281
2020-11-30,5.375,335.623291015625,59.47793960571289,166.6699981689453,102.36663818359375,134.01783752441406,67.93468475341797,136.00869750976562,335.623291015625
2020-12-01,5.368000030517578,339.29400634765625,60.87692642211914,170.17999267578125,102.13398742675781,132.04180908203125,68.8081283569336,135.9929962158203,339.29400634765625
2020-12-02,5.359000205993652,340.0078430175781,60.88539505004883,171.4600067138672,102.20692443847656,130.99391174316406,68.26625061035156,135.97000122070312,340.0078430175781
2020-12-03,5.367000102996826,339.915283203125,60.98714828491211,172.80999755859375,102.49066162109375,132.0502166748047,68.84048461914062,135.99240112304688,339.915283203125
2020-12-04,5.360000133514404,342.8445129394531,61.50434494018555,172.32000732421875,102.27178192138672,130.11355590820312,69.89185333251953,135.9918975830078,342.8445129394531
2020-12-07,5.366000175476074,342.1400451660156,61.00410079956055,174.88999938964844,102.53929138183594,131.2873077392578,69.28528594970703,136.0279998779297,342.1400451660156
2020-12-08,5.374000072479248,343.14117431640625,61.21607208251953,175.5,102.70951080322266,131.90771484375,69.04266357421875,135.98800659179688,343.14117431640625
2020-12-09,5.373000144958496,340.06353759765625,61.30085372924805,172.5,102.579833984375,131.4717254638672,68.614013671875,135.9853057861328,340.06353759765625
2020-12-10,5.373000144958496,339.9522705078125,61.38564682006836,172.1699981689453,102.81488037109375,132.6370849609375,68.3147964477539,135.95579528808594,339.9522705078125
2020-12-11,5.389999866485596,339.5537109375,61.19912338256836,172.49000549316406,102.80677795410156,133.10650634765625,68.25009155273438,135.98199462890625,339.5537109375
2020-12-14,5.383999824523926,338.0334777832031,61.236785888671875,171.5399932861328,102.80677795410156,132.7376708984375,67.95085906982422,136.01199340820312,338.0334777832031
2020-12-15,5.385000228881836,342.6034240722656,61.861732482910156,173.94000244140625,102.99321746826172,132.29335021972656,69.34191131591797,135.9669952392578,342.6034240722656
2020-12-16,5.379000186920166,343.14117431640625,62.10144805908203,174.89999389648438,102.9851303100586,131.94125366210938,69.42277526855469,135.9730987548828,343.14117431640625
2020-12-17,5.379000186920166,345.0599670410156,62.53805160522461,176.74000549316406,103.04430389404297,131.59213256835938,70.09403228759766,135.9644012451172,345.0599670410156
2020-12-18,5.376999855041504,343.6822204589844,62.21272659301758,176.44000244140625,102.99564361572266,131.1976318359375,68.68681335449219,135.96490478515625,343.6822204589844
2020-12-21,5.381999969482422,342.453369140625,61.41655731201172,175.8800048828125,102.97944641113281,131.71795654296875,68.29861450195312,135.96600341796875,342.453369140625
2020-12-22,5.383999824523926,341.8761901855469,61.2624626159668,174.49000549316406,103.07671356201172,132.39779663085938,68.77577209472656,135.9949951171875,341.8761901855469
2020-12-23,5.377999782562256,342.1833801269531,61.921669006347656,175.64999389648438,103.12538146972656,131.4829864501953,68.3309555053711,135.9633026123047,342.1833801269531
2020-12-24,5.377999782562256,343.5146484375,61.94733810424805,176.35000610351562,103.1658935546875,132.0033416748047,68.92919921875,135.9633026123047,343.5146484375
2020-12-28,5.380000114440918,346.4657287597656,62.45243453979492,175.7100067138672,103.23886108398438,132.06201171875,69.34008026123047,135.9512939453125,346.4657287597656
2020-12-29,5.38100004196167,345.8047180175781,62.85480880737305,176.35000610351562,103.19022369384766,131.89425659179688,68.74842071533203,135.9508056640625,345.8047180175781
2020-12-30,5.381999969482422,346.2981262207031,62.9404182434082,177.6999969482422,103.27127075195312,132.17955017089844,69.12641906738281,135.9508056640625,346.2981262207031
2020-12-31,5.381999969482422,348.0575866699219,62.46099853515625,178.36000061035156,103.49020385742188,132.37257385253906,69.79206848144531,135.9508056640625,348.0575866699219
2021-01-04,5.394999980926514,343.3191223144531,62.78632354736328,182.3300018310547,103.60372924804688,132.2130889892578,67.52399444580078,135.8990936279297,343.3191223144531
2021-01-05,5.382999897003174,345.6836853027344,63.436946868896484,182.8699951171875,103.57124328613281,131.23123168945312,67.62261962890625,135.92779541015625,345.6836853027344
2021-01-06,5.361000061035156,347.7503662109375,64.16464233398438,179.89999389648438,103.26321411132812,128.53732299804688,67.7376480102539,135.92779541015625,347.7503662109375
2021-01-07,5.361000061035156,352.9171142578125,64.23310852050781,179.47999572753906,103.19834899902344,127.4043197631836,67.60615539550781,135.92100524902344,352.9171142578125
2021-01-08,5.360000133514404,354.9278564453125,64.8323974609375,173.33999633789062,102.7929916381836,126.99307250976562,68.26358032226562,135.92149353027344,354.9278564453125
2021-01-11,5.35699987411499,352.5353088378906,63.9848518371582,173.0,102.57406616210938,126.78330993652344,67.35965728759766,135.90890502929688,352.5353088378906
2021-01-12,5.3429999351501465,352.60992431640625,64.27592468261719,174.1199951171875,102.71192169189453,126.68257141113281,67.51577758789062,135.94259643554688,352.60992431640625
2021-01-13,5.359000205993652,353.5593566894531,64.19033813476562,173.3699951171875,102.93888854980469,128.10923767089844,68.3375473022461,135.94039916992188,353.5593566894531
2021-01-14,5.363999843597412,352.32122802734375,64.70398712158203,173.27999877929688,102.987548828125,126.90918731689453,68.7402114868164,135.8798065185547,352.32122802734375
2021-01-15,5.361999988555908,349.75189208984375,63.69378662109375,171.1300048828125,103.10106658935547,127.4127197265625,69.52908325195312,135.89599609375,349.75189208984375
2021-01-18,5.359000205993652,349.75189208984375,63.69378662109375,171.1300048828125,103.10106658935547,127.4127197265625,69.52908325195312,135.93589782714844,349.75189208984375
2021-01-19,5.361999988555908,352.49810791015625,64.15607452392578,172.5800018310547,103.34424591064453,127.82394409179688,69.3318862915039,135.89590454101562,352.49810791015625
2021-01-20,5.361999988555908,357.3762512207031,64.59269714355469,175.38999938964844,103.49832916259766,127.94983673095703,70.65489959716797,135.8961944580078,357.3762512207031
2021-01-21,5.355999946594238,357.7019958496094,64.64405822753906,175.27999877929688,103.74964904785156,127.05184936523438,70.31797790527344,135.89320373535156,357.7019958496094
2021-01-22,5.355999946594238,356.43603515625,64.33586120605469,173.89999389648438,103.58748626708984,127.46305847167969,70.48231506347656,135.8925018310547,356.43603515625
2021-01-25,5.36899995803833,357.8417053222656,64.25880432128906,174.0500030517578,103.85501098632812,128.96531677246094,71.01646423339844,135.9208984375,357.8417053222656
2021-01-26,5.360000133514404,357.2831726074219,64.35298156738281,173.6199951171875,103.70100402832031,128.72198486328125,71.51774597167969,135.88400268554688,357.2831726074219
2021-01-27,5.36299991607666,348.5509948730469,62.880489349365234,172.52000427246094,103.66856384277344,129.04917907714844,70.25222778320312,135.87579345703125,348.5509948730469
2021-01-28,5.357999801635742,351.5485534667969,63.28286361694336,172.67999267578125,103.8712387084961,128.3358612060547,70.63025665283203,135.87899780273438,351.5485534667969
2021-01-29,5.355999946594238,344.5107421875,61.97303771972656,172.61000061035156,103.765869140625,127.56377410888672,69.81670379638672,135.85690307617188,344.5107421875
2021-02-01,5.3520002365112305,350.24530029296875,62.70927047729492,174.22999572753906,103.53884887695312,127.71160125732422,71.41093444824219,135.89599609375,350.24530029296875
2021-02-02,5.348999977111816,355.1978759765625,63.34278106689453,172.11000061035156,103.6928939819336,126.88821411132812,71.83820343017578,135.85629272460938,355.1978759765625
2021-02-03,5.3480000495910645,355.4771728515625,63.49687576293945,171.85000610351562,103.6361312866211,125.76236724853516,71.6574478149414,135.86509704589844,355.4771728515625
2021-02-04,5.341000080108643,359.517333984375,63.56536865234375,168.14999389648438,103.56317138671875,125.42627716064453,72.15050506591797,135.86959838867188,359.517333984375
2021-02-05,5.334000110626221,360.9324035644531,63.95918655395508,169.80999755859375,103.53884887695312,124.37602233886719,72.40524291992188,135.8623046875,360.9324035644531
2021-02-08,5.324999809265137,363.5390319824219,64.40435028076172,171.52000427246094,103.6361312866211,124.92213439941406,72.7996826171875,135.85459899902344,363.5390319824219
2021-02-09,5.339000225067139,363.2969970703125,64.7553482055664,172.0800018310547,103.6928939819336,125.01460266113281,73.054443359375,135.85049438476562,363.2969970703125
2021-02-10,5.335999965667725,363.1387023925781,64.53276062011719,172.7100067138672,103.78205108642578,125.8464126586914,73.44886779785156,135.84849548339844,363.1387023925781
2021-02-11,5.335999965667725,363.7252197265625,64.96936798095703,171.2100067138672,103.66045379638672,125.15740966796875,73.60501861572266,135.84530639648438,363.7252197265625
2021-02-12,5.327000141143799,365.52197265625,65.32893371582031,170.69000244140625,103.49020385742188,123.60299682617188,73.62144470214844,135.84449768066406,365.52197265625
2021-02-15,5.313000202178955,365.52197265625,65.32893371582031,170.69000244140625,103.49020385742188,123.60299682617188,73.62144470214844,135.8583984375,365.52197265625
2021-02-16,5.302999973297119,365.205322265625,65.79978942871094,168.24000549316406,102.987548828125,121.72098541259766,73.054443359375,135.8070068359375,365.205322265625
2021-02-17,5.307000160217285,365.2892150878906,65.41455078125,166.3300018310547,102.947021484375,122.49391174316406,72.96404266357422,135.83450317382812,365.2892150878906
2021-02-18,5.300000190734863,363.7345275878906,65.08922576904297,166.32000732421875,102.51730346679688,121.99823760986328,72.65178680419922,135.8079071044922,363.7345275878906
2021-02-19,5.294000148773193,363.0921325683594,65.27758026123047,167.00999450683594,102.07953643798828,120.37667083740234,73.07089233398438,135.82569885253906,363.0921325683594
2021-02-22,5.284999847412109,360.2993469238281,65.11489868164062,169.50999450683594,102.07144165039062,119.46078491210938,73.6789779663086,135.84390258789062,360.2993469238281
2021-02-23,5.276000022888184,360.7369079589844,65.17481994628906,169.1199951171875,102.09574127197266,119.11640167236328,74.13915252685547,135.81640625,360.7369079589844
2021-02-24,5.26800012588501,364.7120666503906,65.38028717041016,169.0,102.01466369628906,118.3349380493164,74.70616912841797,135.8134002685547,364.7120666503906
2021-02-25,5.244999885559082,355.9239807128906,64.26737213134766,165.82000732421875,100.76616668701172,116.4024429321289,73.27631378173828,135.80520629882812,355.9239807128906
2021-02-26,5.239999771118164,354.09002685546875,63.359901428222656,161.80999755859375,102.01466369628906,120.2506103515625,72.20802307128906,135.80690002441406,354.09002685546875
2021-03-01,5.270999908447266,362.6732177734375,64.54988098144531,161.52999877929688,101.67417907714844,118.66238403320312,72.52851104736328,135.8321075439453,362.6732177734375
2021-03-02,5.27400016784668,359.8432312011719,64.48139953613281,162.41000366210938,102.08765411376953,118.67082214355469,71.83000183105469,135.79539489746094,359.8432312011719
2021-03-03,5.255000114440918,355.0767822265625,64.08760833740234,160.6199951171875,101.82817077636719,117.38372039794922,71.41915130615234,135.789306640625,355.0767822265625
2021-03-04,5.258999824523926,350.68280029296875,63.479759216308594,159.0399932861328,101.43902587890625,116.62664031982422,70.60559844970703,135.80799865722656,350.68280029296875
2021-03-05,5.249000072479248,357.1341857910156,63.89069366455078,159.13999938964844,101.54443359375,116.85379028320312,71.3780517578125,135.81100463867188,357.1341857910156
2021-03-08,5.243000030517578,355.3561096191406,63.66811752319336,157.49000549316406,100.98502349853516,115.94526672363281,71.99436950683594,135.79859924316406,355.3561096191406
2021-03-09,5.248000144958496,360.42974853515625,64.5241928100586,160.83999633789062,101.61737060546875,117.55199432373047,72.47099304199219,135.80029296875,360.42974853515625
2021-03-10,5.250999927520752,362.6732177734375,64.79814910888672,161.66000366210938,102.07953643798828,117.78752899169922,73.19413757324219,135.7895050048828,362.6732177734375
2021-03-11,5.258999824523926,366.3503723144531,65.14059448242188,161.52000427246094,102.1686782836914,116.93789672851562,74.04876708984375,135.76319885253906,366.3503723144531
2021-03-12,5.239999771118164,366.8437805175781,65.30325317382812,161.49000549316406,101.36608123779297,114.45633697509766,75.28962707519531,135.75990295410156,366.8437805175781
2021-03-15,5.245999813079834,369.03155517578125,65.3546142578125,162.1999969482422,101.66605377197266,115.12926483154297,76.40721893310547,135.77740478515625,369.03155517578125
2021-03-16,5.24399995803833,368.5660400390625,65.4659194946289,162.35000610351562,101.87683868408203,114.66657257080078,76.09495544433594,135.77589416503906,368.5660400390625
2021-03-17,5.230000019073486,369.82275390625,65.85115051269531,163.50999450683594,101.78765869140625,113.80854034423828,76.16067504882812,135.76759338378906,369.82275390625
2021-03-18,5.2210001945495605,364.4420166015625,65.25188446044922,162.55999755859375,101.06610107421875,112.6561050415039,75.38821411132812,135.77330017089844,364.4420166015625
2021-03-19,5.228000164031982,363.7677001953125,65.43167114257812,163.24000549316406,101.26067352294922,113.35427856445312,74.36103820800781,135.77099609375,363.7677001953125
2021-03-22,5.236999988555908,366.67236328125,65.49158477783203,163.0,101.74711608886719,114.62455749511719,74.88697052001953,135.78489685058594,366.67236328125
2021-03-23,5.248000144958496,363.786376953125,64.58413696289062,161.80999755859375,101.95790100097656,115.65927124023438,74.7801284790039,135.75979614257812,363.786376953125
2021-03-24,5.25,361.93707275390625,64.25880432128906,162.3699951171875,102.22545623779297,116.28177642822266,74.36103820800781,135.76019287109375,361.93707275390625
2021-03-25,5.25600004196167,363.9731750488281,64.73824310302734,161.77999877929688,102.15250396728516,115.36479187011719,75.1181640625,135.75990295410156,363.9731750488281
2021-03-26,5.249000072479248,369.8385925292969,65.57720184326172,162.24000549316406,102.17681884765625,114.96101379394531,76.73823547363281,135.75369262695312,369.8385925292969
2021-03-29,5.241000175476074,369.6517639160156,65.32036590576172,160.30999755859375,101.90115356445312,113.98516845703125,76.29190063476562,135.74569702148438,369.6517639160156
2021-03-30,5.230000019073486,368.671142578125,65.2347640991211,157.57000732421875,101.7228012084961,114.58245849609375,76.3910903930664,135.74839782714844,368.671142578125
2021-03-31,5.241000175476074,370.1654968261719,64.95226287841797,159.9600067138672,101.74711608886719,113.94315338134766,75.92821502685547,135.7436981201172,370.1654968261719
2021-04-01,5.249000072479248,374.1629333496094,65.79978942871094,161.97999572753906,102.0396728515625,115.83427429199219,77.30855560302734,135.73899841308594,374.1629333496094
2021-04-05,5.249000072479248,379.5332946777344,66.75862884521484,161.9199981689453,101.74713134765625,115.328857421875,77.60612487792969,135.73899841308594,379.5332946777344
2021-04-06,5.249000072479248,379.3091735839844,66.04806518554688,163.22000122070312,101.80399322509766,116.11222839355469,77.80449676513672,135.735595703125,379.3091735839844
2021-04-07,5.25,379.74810791015625,66.18502044677734,162.75999450683594,101.86902618408203,115.3035659790039,77.86236572265625,135.72900390625,379.74810791015625
2021-04-08,5.254000186920166,381.5506286621094,66.56171417236328,164.50999450683594,102.0965805053711,116.25545501708984,77.57306671142578,135.72900390625,381.5506286621094
2021-04-09,5.247000217437744,384.3246154785156,66.76718139648438,163.27000427246094,101.87715148925781,115.83427429199219,77.48212432861328,135.72369384765625,384.3246154785156
2021-04-12,5.24399995803833,384.46478271484375,66.3990478515625,162.27999877929688,101.89340209960938,115.78373718261719,77.93675231933594,135.72129821777344,384.46478271484375
2021-04-13,5.245999813079834,385.6042175292969,66.7843017578125,163.42999267578125,102.26726531982422,116.65137481689453,78.32524108886719,135.72149658203125,385.6042175292969
2021-04-14,5.245999813079834,384.2872619628906,66.83566284179688,162.72000122070312,102.26726531982422,116.28074645996094,77.9119644165039,135.7178955078125,384.2872619628906
2021-04-15,5.263000011444092,388.4154052734375,67.39213562011719,165.35000610351562,102.81986236572266,118.22663879394531,79.27578735351562,135.71009826660156,388.4154052734375
2021-04-16,5.25,389.7137451171875,67.88011169433594,166.35000610351562,102.7873306274414,117.30841827392578,79.44937133789062,135.70860290527344,389.7137451171875
2021-04-19,5.254000186920166,387.799072265625,67.76026153564453,165.88999938964844,102.60858917236328,116.971435546875,79.6064224243164,135.70199584960938,387.799072265625
2021-04-20,5.258999824523926,384.9597473144531,66.54460144042969,166.47999572753906,102.673583984375,117.51058197021484,80.25940704345703,135.69790649414062,384.9597473144531
2021-04-21,5.257999897003174,388.6024475097656,67.2294692993164,168.1300048828125,102.77107238769531,117.74639892578125,80.78839874267578,135.69590759277344,388.6024475097656
2021-04-22,5.258999824523926,385.05316162109375,67.00688934326172,167.0399932861328,102.89300537109375,118.26026916503906,80.35032653808594,135.69940185546875,385.05316162109375
2021-04-23,5.260000228881836,389.22808837890625,67.6917724609375,166.39999389648438,102.9417724609375,117.98230743408203,80.82147216796875,135.69500732421875,389.22808837890625
2021-04-26,5.25600004196167,390.0406494140625,67.7431411743164,166.83999633789062,102.99864196777344,117.8138427734375,81.06116485595703,135.6885986328125,390.0406494140625
2021-04-27,5.252999782562256,389.95654296875,67.52055358886719,166.4199981689453,102.99052429199219,116.7861328125,81.05289459228516,135.6822967529297,389.95654296875
2021-04-28,5.247000217437744,389.8444519042969,67.6917724609375,166.91000366210938,103.31558990478516,116.86199188232422,80.87931823730469,135.68299865722656,389.8444519042969
2021-04-29,5.23799991607666,392.32891845703125,67.71744537353516,166.22000122070312,103.26681518554688,116.5166244506836,81.57364654541016,135.69459533691406,392.32891845703125
2021-04-30,5.244999885559082,389.75115966796875,66.86991882324219,165.66000366210938,103.20182037353516,116.7861328125,81.89599609375,135.6855926513672,389.75115966796875
2021-05-03,5.25,390.5916748046875,67.60615539550781,167.80999755859375,103.45886993408203,116.8562240600586,81.73894500732422,135.66859436035156,390.5916748046875
2021-05-04,5.252999782562256,388.1819763183594,66.60453033447266,166.5800018310547,103.69547271728516,117.64913177490234,81.20995330810547,135.67080688476562,388.1819763183594
2021-05-05,5.254000186920166,388.3033752441406,67.51199340820312,167.27000427246094,104.16059875488281,117.84318542480469,79.8626480102539,135.67010498046875,388.3033752441406
2021-05-06,5.254000186920166,391.4043273925781,68.06844329833984,170.05999755859375,104.03820037841797,118.03721618652344,80.30899810791016,135.66310119628906,391.4043273925781
2021-05-07,5.250999927520752,394.2528381347656,68.83894348144531,171.58999633789062,104.25849151611328,117.45513916015625,81.36698913574219,135.6645965576172,394.2528381347656
2021-05-10,5.248000144958496,390.3488464355469,68.47083282470703,172.11000061035156,104.30747985839844,116.26569366455078,81.34220886230469,135.63290405273438,390.3488464355469
2021-05-11,5.232999801635742,386.8651123046875,67.57191467285156,172.13999938964844,104.030029296875,115.60762786865234,80.3172607421875,135.6522979736328,386.8651123046875
2021-05-12,5.22599983215332,378.6460876464844,66.49323272705078,170.42999267578125,103.85050964355469,114.39282989501953,78.28389739990234,135.65179443359375,378.6460876464844
2021-05-13,5.223999977111816,383.19451904296875,66.98976135253906,171.1300048828125,103.8750228881836,114.57001495361328,79.30059814453125,135.64950561523438,383.19451904296875
2021-05-14,5.230000019073486,389.07861328125,68.11125183105469,172.69000244140625,104.24220275878906,115.64140319824219,80.24288940429688,135.64830017089844,389.07861328125
2021-05-17,5.23199987411499,388.08856201171875,67.98284912109375,174.6999969482422,104.44621276855469,115.39672088623047,80.32551574707031,135.6479034423828,388.08856201171875
2021-05-18,5.2270002365112305,384.7449951171875,68.12837219238281,175.0399932861328,104.29114532470703,115.10145568847656,80.34204864501953,135.64129638671875,384.7449951171875
2021-05-19,5.235000133514404,383.73614501953125,67.52910614013672,175.16000366210938,103.58125305175781,114.82308197021484,80.08582305908203,135.6396942138672,383.73614501953125
2021-05-20,5.230999946594238,387.864501953125,68.41944885253906,175.9600067138672,103.7036361694336,115.76789093017578,80.98677825927734,135.63949584960938,387.864501953125
2021-05-21,5.234000205993652,387.5469665527344,68.51361846923828,176.0399932861328,103.8913345336914,116.13909149169922,80.90413665771484,135.63670349121094,387.5469665527344
2021-05-24,5.245999813079834,391.4976501464844,68.93309783935547,176.35000610351562,104.1442642211914,116.56936645507812,81.91252899169922,135.65530395507812,391.4976501464844
2021-05-25,5.247000217437744,390.6290588378906,68.95022583007812,177.9499969482422,104.43802642822266,117.64913177490234,81.88772583007812,135.62710571289062,390.6290588378906
2021-05-26,5.255000114440918,391.4043273925781,68.90742492675781,177.63999938964844,104.2013931274414,117.44670867919922,82.25141906738281,135.62530517578125,391.4043273925781
2021-05-27,5.245999813079834,391.6097412109375,69.03584289550781,177.7100067138672,104.1932373046875,116.97429656982422,82.06130981445312,135.62010192871094,391.6097412109375
2021-05-28,5.25,392.3102111816406,69.1985092163086,178.3800048828125,104.25849151611328,116.7886962890625,82.55724334716797,135.6221923828125,392.3102111816406
2021-05-31,5.25,392.3102111816406,69.1985092163086,178.3800048828125,104.25849151611328,116.7886962890625,82.55724334716797,135.62120056152344,392.3102111816406
2021-06-01,5.245999813079834,391.964599609375,69.44678497314453,177.89999389648438,104.56287384033203,116.7624740600586,84.04507446289062,135.61399841308594,391.964599609375
2021-06-02,5.245999813079834,392.5810241699219,69.67790985107422,178.77000427246094,104.43164825439453,117.03287506103516,85.02867889404297,135.60670471191406,392.5810241699219
2021-06-03,5.248000144958496,391.1240539550781,69.33547973632812,175.27000427246094,104.07887268066406,116.59353637695312,84.7145767211914,135.60830688476562,391.1240539550781
2021-06-04,5.255000114440918,394.7012023925781,69.92619323730469,177.16000366210938,104.57928466796875,118.1902847290039,84.75592041015625,135.60809326171875,394.7012023925781
2021-06-07,5.248000144958496,394.3182373046875,70.1573257446289,177.8699951171875,104.34957122802734,117.82695770263672,85.75606536865234,135.60040283203125,394.3182373046875
2021-06-08,5.255000114440918,394.40228271484375,70.12308502197266,177.32000732421875,104.45623016357422,118.65486907958984,86.4669189453125,135.59359741210938,394.40228271484375
2021-06-09,5.265999794006348,393.81396484375,69.93474578857422,176.97999572753906,104.46440887451172,119.70250701904297,86.58261108398438,135.59280395507812,393.81396484375
2021-06-10,5.269000053405762,395.64453125,70.12738800048828,177.74000549316406,105.0058822631836,120.42054748535156,87.2025375366211,135.59890747070312,395.64453125
2021-06-11,5.275000095367432,396.29833984375,70.29228973388672,175.74000549316406,104.73515319824219,120.22622680664062,86.85539245605469,135.58749389648438,396.29833984375
2021-06-14,5.265999794006348,397.1856384277344,70.41378021240234,174.7100067138672,104.67772674560547,119.305419921875,87.19426727294922,135.57940673828125,397.1856384277344
2021-06-15,5.265999794006348,396.45709228515625,70.50054931640625,174.0500030517578,104.84999084472656,119.16175842285156,86.26025390625,135.5778045654297,396.45709228515625
2021-06-16,5.269999980926514,394.2434387207031,70.06666564941406,171.11000061035156,103.89835357666016,119.06036376953125,85.69819641113281,135.5731964111328,394.2434387207031
2021-06-17,5.26200008392334,394.1128234863281,69.58067321777344,165.85000610351562,104.29214477539062,120.84295654296875,85.59075164794922,135.57269287109375,394.1128234863281
2021-06-18,5.271999835968018,388.7960510253906,68.14012145996094,164.92999267578125,104.33318328857422,123.11554718017578,84.13599395751953,135.57769775390625,388.7960510253906
2021-06-21,5.270999908447266,394.3620300292969,69.0339584350586,166.9499969482422,104.1527099609375,121.05413055419922,85.87176513671875,135.55409240722656,394.3620300292969
2021-06-22,5.26200008392334,396.4703369140625,69.04264831542969,166.25,104.72696685791016,121.34986114501953,85.42542266845703,135.56309509277344,396.4703369140625
2021-06-23,5.264999866485596,395.9925537109375,68.60006713867188,166.13999938964844,104.75154876708984,121.03734588623047,85.2766342163086,135.56100463867188,395.9925537109375
2021-06-24,5.267000198364258,398.3350830078125,69.25958251953125,166.0399932861328,104.55467224121094,121.23157501220703,85.09268188476562,135.55979919433594,398.3350830078125
2021-06-25,5.260000228881836,399.75006103515625,69.4071273803711,166.58999633789062,104.66130828857422,119.9728012084961,85.66706848144531,135.55580139160156,399.75006103515625
2021-06-28,5.264999866485596,400.55584716796875,68.96454620361328,166.5800018310547,104.81715393066406,121.20626068115234,85.41734313964844,135.55059814453125,400.55584716796875
2021-06-29,5.271999835968018,400.7714538574219,68.98188781738281,164.8300018310547,104.8746109008789,121.40897369384766,85.18426513671875,135.54849243164062,400.7714538574219
2021-06-30,5.269999980926514,401.10870361328125,68.4525375366211,165.6300048828125,105.01407623291016,121.94969177246094,84.73473358154297,135.5458984375,401.10870361328125
2021-07-01,5.271999835968018,403.3294982910156,68.617431640625,166.1999969482422,105.11563873291016,121.95642852783203,85.10101318359375,135.54620361328125,403.3294982910156
2021-07-02,5.2789998054504395,406.4123840332031,68.85173034667969,167.2899932861328,105.56150817871094,122.69242095947266,85.35906982421875,135.54339599609375,406.4123840332031
2021-07-05,5.276000022888184,406.4123840332031,68.85173034667969,167.2899932861328,105.56150817871094,122.69242095947266,85.35906982421875,135.54159545898438,406.4123840332031
2021-07-06,5.290999889373779,405.672119140625,68.40048217773438,168.1199951171875,105.83402252197266,124.13043975830078,85.9833984375,135.53439331054688,405.672119140625
2021-07-07,5.300000190734863,407.10577392578125,68.77362823486328,168.75999450683594,105.75970458984375,125.2301025390625,86.28306579589844,135.53460693359375,407.10577392578125
2021-07-08,5.301000118255615,403.78863525390625,67.88847351074219,168.64999389648438,105.61931610107422,125.7208480834961,86.04166412353516,135.5406951904297,403.78863525390625
2021-07-09,5.298999786376953,408.0990295410156,69.04264831542969,169.2100067138672,105.63581085205078,123.9528579711914,87.45681762695312,135.5384063720703,408.0990295410156
2021-07-12,5.294000148773193,409.56072998046875,69.33769226074219,169.0,105.91658782958984,123.79210662841797,88.20602416992188,135.5279998779297,409.56072998046875
2021-07-13,5.296999931335449,408.1646423339844,68.97322082519531,169.22000122070312,105.91658782958984,122.84466552734375,86.97400665283203,135.52859497070312,408.1646423339844
2021-07-14,5.294000148773193,408.7737121582031,69.12942504882812,171.0399932861328,106.19733428955078,124.24044799804688,87.58169555664062,135.5128936767578,408.7737121582031
2021-07-15,5.300000190734863,407.3775329589844,68.46989440917969,171.07000732421875,106.5193862915039,125.61080169677734,87.72319793701172,135.5084991455078,407.3775329589844
2021-07-16,5.306000232696533,404.18218994140625,67.96656799316406,169.41000366210938,106.5193862915039,125.37396240234375,87.66493225097656,135.5124969482422,404.18218994140625
2021-07-19,5.318999767303467,398.2132568359375,66.73428344726562,169.61000061035156,106.56063842773438,128.1232452392578,86.066650390625,135.50650024414062,398.2132568359375
2021-07-20,5.327000141143799,403.91986083984375,67.22024536132812,169.38999938964844,106.54415130615234,126.88813781738281,88.09780883789062,135.5092010498047,403.91986083984375
2021-07-21,5.316999912261963,407.1901550292969,68.2442626953125,168.75999450683594,106.27165222167969,125.28092193603516,88.08948516845703,135.51010131835938,407.1901550292969
2021-07-22,5.323999881744385,408.0428466796875,68.27029418945312,169.08999633789062,106.56889343261719,126.46522521972656,87.3902359008789,135.4987030029297,408.0428466796875
2021-07-23,5.318999767303467,412.24072265625,68.74759674072266,168.55999755859375,107.04782104492188,125.61929321289062,88.11447143554688,135.49139404296875,412.24072265625
2021-07-26,5.324999809265137,413.25274658203125,68.84305572509766,168.16000366210938,107.5102310180664,125.24710083007812,88.15608978271484,135.49290466308594,413.25274658203125
2021-07-27,5.330999851226807,411.3693542480469,68.56534576416016,168.44000244140625,107.48548889160156,126.5835952758789,88.65556335449219,135.48880004882812,411.3693542480469
2021-07-28,5.327000141143799,411.2005920410156,68.86040496826172,169.2899932861328,107.84877014160156,126.59211730957031,88.34754180908203,135.4864044189453,411.2005920410156
2021-07-29,5.328999996185303,412.9060974121094,69.33769226074219,171.1699981689453,107.65890502929688,125.88999938964844,88.36419677734375,135.48280334472656,412.9060974121094
2021-07-30,5.331999778747559,410.9007873535156,68.98188781738281,169.82000732421875,107.82404327392578,126.48211669921875,88.48074340820312,135.48280334472656,410.9007873535156
2021-08-02,5.3420000076293945,410.0386962890625,69.32901763916016,169.61000061035156,107.86310577392578,127.6103286743164,88.28926849365234,135.47320556640625,410.0386962890625
2021-08-03,5.3420000076293945,413.3745422363281,69.82366943359375,169.49000549316406,107.9627685546875,127.67803192138672,88.39749145507812,135.47329711914062,413.3745422363281
2021-08-04,5.3429999351501465,411.3411865234375,69.61539459228516,169.52999877929688,107.75508880615234,127.94051361083984,88.1227798461914,135.4698028564453,411.3411865234375
2021-08-05,5.333000183105469,413.9461669921875,69.9538345336914,168.86000061035156,107.37297058105469,127.2884521484375,89.155029296875,135.4683074951172,413.9461669921875
2021-08-06,5.322000026702881,414.63018798828125,69.69349670410156,164.63999938964844,107.13207244873047,125.16250610351562,88.99686431884766,135.4674072265625,414.63018798828125
2021-08-09,5.321000099182129,414.29290771484375,69.65877532958984,161.72000122070312,106.94103240966797,124.7137222290039,88.52235412597656,135.46099853515625,414.29290771484375
2021-08-10,5.316999912261963,414.8082275390625,69.81499481201172,161.77000427246094,107.04070281982422,124.13774871826172,87.68159484863281,135.4597930908203,414.8082275390625
2021-08-11,5.315000057220459,415.8389892578125,70.29228973388672,164.0,107.21517944335938,124.0615234375,88.19767761230469,135.4613037109375,415.8389892578125
2021-08-12,5.318999767303467,417.0851745605469,70.23152923583984,164.0399932861328,107.13207244873047,123.8582534790039,88.38916778564453,135.45599365234375,417.0851745605469
2021-08-13,5.326000213623047,417.84429931640625,70.6567611694336,166.38999938964844,107.40618896484375,125.81477355957031,88.87198638916016,135.44439697265625,417.84429931640625
2021-08-16,5.330999851226807,418.828125,70.29228973388672,167.22000122070312,107.51420593261719,126.11962890625,88.76377868652344,135.44479370117188,418.828125
2021-08-17,5.328000068664551,416.0826110839844,69.63274383544922,166.97000122070312,107.22347259521484,126.06880950927734,88.67218780517578,135.44400024414062,416.0826110839844
2021-08-18,5.328999996185303,411.528564453125,69.36373901367188,167.10000610351562,107.2400894165039,126.4922103881836,87.8647232055664,135.4403076171875,411.528564453125
2021-08-19,5.333000183105469,412.165771484375,68.67816162109375,166.61000061035156,107.2815933227539,127.42394256591797,88.28926849365234,135.43930053710938,412.165771484375
2021-08-20,5.335000038146973,415.4454040527344,68.94718170166016,166.6999969482422,106.9493179321289,127.50865936279297,88.73046875,135.43679809570312,415.4454040527344
2021-08-23,5.331999778747559,419.09991455078125,69.58937072753906,168.72999572753906,107.19853210449219,127.42394256591797,88.56400299072266,135.43679809570312,419.09991455078125
2021-08-24,5.329999923706055,419.76519775390625,69.73688507080078,168.64999389648438,107.19853210449219,126.43301391601562,88.17273712158203,135.42599487304688,419.76519775390625
2021-08-25,5.309000015258789,420.64599609375,69.76292419433594,167.47999572753906,107.15697479248047,125.3827133178711,88.11447143554688,135.4243927001953,420.64599609375
2021-08-26,5.315000057220459,418.16290283203125,69.39845275878906,167.6699981689453,107.1736068725586,125.73006439208984,88.14774322509766,135.4261016845703,418.16290283203125
2021-08-27,5.320000171661377,421.901611328125,70.03192901611328,170.19000244140625,107.9793701171875,126.5854721069336,89.07178497314453,135.4163055419922,421.901611328125
2021-08-30,5.326000213623047,423.7569885253906,70.01459503173828,169.35000610351562,107.9627685546875,126.91576385498047,89.96249389648438,135.41110229492188,423.7569885253906
2021-08-31,5.316999912261963,423.1291198730469,69.97986602783203,169.69000244140625,107.6471176147461,126.0518798828125,90.38704681396484,135.41110229492188,423.1291198730469
2021-09-01,5.315999984741211,423.3539733886719,70.61337280273438,169.6999969482422,107.69392395019531,126.26300811767578,91.83548736572266,135.4102020263672,423.3539733886719
2021-09-02,5.318999767303467,424.6564636230469,70.89974975585938,169.25,107.73576354980469,126.81422424316406,92.31831359863281,135.40699768066406,424.6564636230469
2021-09-03,5.315000057220459,424.5534362792969,71.2208480834961,171.05999755859375,107.58521270751953,125.66091918945312,92.3349609375,135.40379333496094,424.5534362792969
2021-09-06,5.313000202178955,424.5534362792969,71.2208480834961,171.05999755859375,107.58521270751953,125.66091918945312,92.3349609375,135.39849853515625,424.5534362792969
2021-09-07,5.301000118255615,423.0353698730469,71.27289581298828,167.7100067138672,107.31753540039062,124.60088348388672,91.2944107055664,135.39739990234375,423.0353698730469
2021-09-08,5.302999973297119,422.5200500488281,70.70883178710938,167.2899932861328,107.75248718261719,125.44889068603516,91.75225830078125,135.3927001953125,422.5200500488281
2021-09-09,5.314000129699707,420.7115783691406,70.58733367919922,168.02999877929688,108.32129669189453,126.96688079833984,89.88755798339844,135.39349365234375,420.7115783691406
2021-09-10,5.309999942779541,417.39447021484375,70.43113708496094,167.17999267578125,108.02014923095703,125.8475112915039,88.57230377197266,135.39309692382812,417.39447021484375
2021-09-13,5.313000202178955,418.462646484375,70.98653411865234,167.74000549316406,108.02014923095703,126.61072540283203,89.17166900634766,135.3802947998047,418.462646484375
2021-09-14,5.317999839782715,416.2044372558594,70.69148254394531,168.82000732421875,108.07872009277344,128.14564514160156,89.01350402832031,135.38470458984375,416.2044372558594
2021-09-15,5.316999912261963,419.6808776855469,70.89974975585938,167.8300018310547,108.13728332519531,127.69625854492188,89.29654693603516,135.37860107421875,419.6808776855469
2021-09-16,5.309000015258789,419.0155334472656,70.78693389892578,164.02999877929688,107.96163940429688,127.11106872558594,89.37145233154297,135.3784942626953,419.0155334472656
2021-09-17,5.318999767303467,414.9339294433594,69.8583755493164,163.77000427246094,107.6521224975586,126.50054931640625,88.57230377197266,135.37379455566406,414.9339294433594
2021-09-20,5.309000015258789,408.0151672363281,68.56534576416016,164.94000244140625,107.75248718261719,128.06939697265625,88.03121948242188,135.37210083007812,408.0151672363281
2021-09-21,5.314000129699707,407.6297912597656,69.24224853515625,166.0399932861328,107.67720031738281,127.95907592773438,88.0728530883789,135.35330200195312,407.6297912597656
2021-09-22,5.309000015258789,411.60614013671875,69.58937072753906,165.4199981689453,107.56847381591797,128.72230529785156,88.93025970458984,135.36309814453125,411.60614013671875
2021-09-23,5.293000221252441,416.6072082519531,70.3443603515625,163.50999450683594,107.18370056152344,125.8135757446289,88.75545501708984,135.3616943359375,416.6072082519531
2021-09-24,5.2829999923706055,417.2933654785156,69.68482971191406,163.3000030517578,106.91603088378906,124.58390045166016,87.8064193725586,135.35850524902344,417.2933654785156
2021-09-27,5.2769999504089355,416.0995788574219,69.64143371582031,163.63999938964844,106.96622467041016,124.12594604492188,86.62540435791016,135.35260009765625,416.0995788574219
2021-09-28,5.267000198364258,407.7144470214844,68.12277221679688,162.0500030517578,106.73200988769531,122.19247436523438,86.03907775878906,135.3524932861328,407.7144470214844
2021-09-29,5.269000053405762,408.400634765625,67.96656799316406,161.32000732421875,106.79056549072266,122.40448760986328,86.68404388427734,135.36289978027344,408.400634765625
2021-09-30,5.260000228881836,403.40899658203125,67.69754791259766,164.22000122070312,106.80731201171875,122.38755798339844,85.25172424316406,135.3448944091797,403.40899658203125
2021-10-01,5.265999794006348,408.2031555175781,67.86241912841797,164.58999633789062,107.27057647705078,123.41757202148438,86.45789337158203,135.3441925048828,408.2031555175781
2021-10-04,5.26800012588501,402.93896484375,67.15081787109375,165.36000061035156,107.26220703125,123.10330963134766,86.47462463378906,135.33580017089844,402.93896484375
2021-10-05,5.257999897003174,407.1315612792969,67.61077117919922,164.58999633789062,107.37129974365234,121.91459655761719,85.87993621826172,135.3321075439453,407.1315612792969
2021-10-06,5.25600004196167,408.8236389160156,67.15950775146484,165.02999877929688,107.31257629394531,122.60235595703125,86.70082092285156,135.32040405273438,408.8236389160156
2021-10-07,5.249000072479248,412.35821533203125,67.68019104003906,164.16000366210938,107.22020721435547,121.32022857666016,86.93531799316406,135.34930419921875,412.35821533203125
2021-10-08,5.23799991607666,411.60614013671875,67.6715087890625,164.22999572753906,107.24539947509766,120.47108459472656,86.11445617675781,135.32839965820312,411.60614013671875
2021-10-11,5.230000019073486,408.6262512207031,67.4545669555664,163.9199981689453,107.17828369140625,120.16544342041016,86.33223724365234,135.3094940185547,408.6262512207031
2021-10-12,5.23199987411499,407.620361328125,67.48927307128906,164.66000366210938,107.37971496582031,122.22028350830078,87.4630126953125,135.31869506835938,407.620361328125
2021-10-13,5.243000030517578,409.0867919921875,68.15747833251953,167.58999633789062,107.8664779663086,123.40904235839844,88.09960174560547,135.3188018798828,409.0867919921875
2021-10-14,5.257999897003174,415.968017578125,68.83435821533203,168.0,108.0763168334961,123.8675537109375,89.17171478271484,135.3166961669922,415.968017578125
2021-10-15,5.252999782562256,419.1358642578125,69.4071273803711,165.3300018310547,107.90006256103516,123.14575958251953,89.10472869873047,135.3280029296875,419.1358642578125
2021-10-18,5.24399995803833,420.37677001953125,69.11207580566406,164.9199981689453,107.67346954345703,123.72317504882812,89.33086395263672,135.30569458007812,420.37677001953125
2021-10-19,5.236999988555908,423.6199035644531,69.52861022949219,165.4499969482422,107.41328430175781,122.01649475097656,89.37274932861328,135.30189514160156,423.6199035644531
2021-10-20,5.235000133514404,425.28375244140625,69.7716064453125,166.89999389648438,107.60631561279297,121.1928939819336,90.77994537353516,135.29530334472656,425.28375244140625
2021-10-21,5.22599983215332,426.3929138183594,69.44183349609375,166.75,107.8497314453125,121.04851531982422,90.90556335449219,135.30360412597656,426.3929138183594
2021-10-22,5.228000164031982,425.9511413574219,69.8583755493164,167.77000427246094,108.06790924072266,122.3816146850586,91.332763671875,135.29469299316406,425.9511413574219
2021-10-25,5.234000205993652,428.2354736328125,69.71953582763672,168.92999267578125,108.328125,122.19478607177734,91.62591552734375,135.28880310058594,428.2354736328125
2021-10-26,5.236000061035156,428.62091064453125,69.8583755493164,167.67999267578125,108.70580291748047,123.20518493652344,91.877197265625,135.2886962890625,428.62091064453125
2021-10-27,5.251999855041504,426.72198486328125,69.58067321777344,168.1199951171875,109.2177963256836,125.44693756103516,91.09823608398438,135.2740936279297,426.72198486328125
2021-10-28,5.255000114440918,430.83935546875,70.25756072998047,168.0800018310547,108.26934814453125,125.02237701416016,92.37140655517578,135.27870178222656,430.83935546875
2021-10-29,5.244999885559082,431.7135925292969,69.84970092773438,166.64999389648438,107.99236297607422,125.40438079833984,91.332763671875,135.27969360351562,431.7135925292969
2021-11-01,5.23799991607666,432.4562683105469,70.5265884399414,167.52000427246094,107.56564331054688,124.50147247314453,91.78507995605469,135.27499389648438,432.4562683105469
2021-11-02,5.254000186920166,434.2046813964844,70.37905883789062,167.16000366210938,107.99407958984375,125.05414581298828,92.22061920166016,135.2725067138672,434.2046813964844
2021-11-03,5.247000217437744,436.85565185546875,70.95181274414062,165.77000427246094,107.84285736083984,123.76191711425781,92.53053283691406,135.27099609375,436.85565185546875
2021-11-04,5.263999938964844,438.9143371582031,70.90843200683594,167.64999389648438,108.55694580078125,125.06265258789062,91.65106201171875,135.268798828125,438.9143371582031
2021-11-05,5.284999847412109,440.43719482421875,71.01256561279297,169.83999633789062,108.93497467041016,126.93305206298828,92.1201171875,135.2635955810547,440.43719482421875
2021-11-08,5.2769999504089355,440.8132019042969,71.00387573242188,170.4499969482422,109.29623413085938,126.69499206542969,92.04473114013672,135.25999450683594,440.8132019042969
2021-11-09,5.290999889373779,439.35614013671875,70.8476791381836,171.2899932861328,109.93470001220703,128.3444061279297,92.2038803100586,135.25999450683594,439.35614013671875
2021-11-10,5.270999908447266,435.8215637207031,69.9885482788086,173.14999389648438,109.59867095947266,125.9978256225586,91.77667999267578,135.23739624023438,435.8215637207031
2021-11-11,5.26200008392334,435.9626159667969,70.24022674560547,174.1199951171875,109.58185577392578,125.8108139038086,91.92748260498047,135.23739624023438,435.9626159667969
2021-11-12,5.256999969482422,439.25274658203125,70.6220474243164,174.4499969482422,109.5650405883789,125.2581787109375,91.86045837402344,135.23739624023438,439.25274658203125
2021-11-15,5.252999782562256,439.4031066894531,70.49188995361328,174.17999267578125,109.58185577392578,123.68537139892578,92.50541687011719,135.2700958251953,439.4031066894531
2021-11-16,5.248000144958496,441.1421813964844,70.33568572998047,172.9199981689453,109.42221069335938,123.37077331542969,91.89395904541016,135.24099731445312,441.1421813964844
2021-11-17,5.247000217437744,440.070556640625,70.24888610839844,174.5,109.64063262939453,124.34850311279297,92.1787338256836,135.23789978027344,440.070556640625
2021-11-18,5.256999969482422,441.5652770996094,70.31831359863281,173.94000244140625,109.7078628540039,124.81610107421875,92.19549560546875,135.239501953125,441.5652770996094
2021-11-19,5.264999866485596,440.775634765625,69.71953582763672,172.61000061035156,109.5062255859375,126.13386535644531,91.65106201171875,135.239501953125,440.775634765625
2021-11-22,5.256999969482422,439.53472900390625,69.31166076660156,168.74000549316406,108.62413787841797,124.6545639038086,91.19873809814453,135.25250244140625,439.53472900390625
2021-11-23,5.236999988555908,440.11761474609375,69.24224853515625,167.27999877929688,108.20409393310547,122.85215759277344,91.93583679199219,135.25250244140625,440.11761474609375
2021-11-24,5.234000205993652,441.29266357421875,68.78230285644531,167.1199951171875,108.54015350341797,124.82457733154297,93.04985809326172,135.22390747070312,441.29266357421875
2021-11-25,5.236999988555908,441.29266357421875,68.78230285644531,167.1199951171875,108.54015350341797,124.82457733154297,93.04985809326172,135.22390747070312,441.29266357421875
2021-11-26,5.26800012588501,431.45037841796875,66.93387603759766,166.85000610351562,109.07778930664062,127.97876739501953,90.46165466308594,135.22390747070312,431.45037841796875
2021-11-29,5.26800012588501,436.74285888671875,67.2723159790039,166.6199951171875,108.82575988769531,126.95008087158203,91.1317367553711,135.22120666503906,436.74285888671875
2021-11-30,5.2769999504089355,428.24493408203125,66.6822280883789,165.5,108.92658233642578,128.87998962402344,89.40626525878906,135.22120666503906,428.24493408203125
2021-12-01,5.264999866485596,423.4881896972656,66.30037689208984,166.16000366210938,108.5866928100586,129.67501831054688,87.93208312988281,135.22120666503906,423.4881896972656
2021-12-02,5.2829999923706055,429.97454833984375,67.12479400634766,165.24000549316406,108.90638732910156,129.8367462158203,90.57054138183594,135.22120666503906,429.97454833984375
2021-12-03,5.283999919891357,426.2331848144531,66.84708404541016,166.6300048828125,109.1335220336914,131.3859100341797,90.26900482177734,135.22120666503906,426.2331848144531
2021-12-06,5.2820000648498535,431.28125,67.48927307128906,166.22000122070312,108.63716888427734,129.5813446044922,91.85208129882812,135.2010955810547,431.28125
2021-12-07,5.2779998779296875,440.2021484375,68.9124755859375,166.80999755859375,108.8138198852539,128.534423828125,93.17549896240234,135.20680236816406,440.2021484375
2021-12-08,5.261000156402588,441.3678283691406,69.04264831542969,166.89999389648438,108.6287612915039,126.31266784667969,93.84558868408203,135.1981964111328,441.3678283691406
2021-12-09,5.2789998054504395,438.3879699707031,68.46989440917969,165.8800048828125,108.18286895751953,127.01922607421875,92.48866271972656,135.1710968017578,438.3879699707031
2021-12-10,5.2789998054504395,442.51470947265625,68.617431640625,166.5800018310547,108.17443084716797,126.71282196044922,92.77344512939453,135.1710968017578,442.51470947265625
2021-12-13,5.288000106811523,438.5947570800781,67.97466278076172,167.0,108.2838363647461,128.58544921875,93.64454650878906,135.1710968017578,438.5947570800781
2021-12-14,5.28000020980835,435.57720947265625,67.61267852783203,165.44000244140625,107.93888092041016,128.27896118164062,92.44678497314453,135.18190002441406,435.57720947265625
2021-12-15,5.2779998779296875,442.383056640625,68.53089141845703,166.14999389648438,108.03144073486328,127.04470825195312,93.74507141113281,135.17730712890625,442.383056640625
2021-12-16,5.2769999504089355,438.4819030761719,68.53971862792969,168.16000366210938,108.256591796875,127.09414672851562,93.71155548095703,135.17730712890625,438.4819030761719
2021-12-17,5.283999919891357,433.8151550292969,67.67447662353516,167.8000030517578,108.26507568359375,128.53440856933594,93.59429931640625,135.17849731445312,433.8151550292969
2021-12-20,5.2820000648498535,429.2023010253906,67.5243911743164,167.08999633789062,108.205810546875,127.5713882446289,92.86558532714844,135.16769409179688,429.2023010253906
2021-12-21,5.257999897003174,436.824462890625,68.27484893798828,167.02000427246094,108.44281768798828,127.08566284179688,93.91260528564453,135.16610717773438,436.824462890625
2021-12-22,5.252999782562256,441.192138671875,68.9105453491211,168.58999633789062,108.78987884521484,127.67366790771484,94.87583923339844,135.16419982910156,441.192138671875
2021-12-23,5.25600004196167,443.9372863769531,69.31668853759766,168.97000122070312,108.54438781738281,126.56580352783203,94.77532958984375,135.1602020263672,443.9372863769531
2021-12-24,5.25600004196167,443.9372863769531,69.31668853759766,168.97000122070312,108.54438781738281,126.56580352783203,94.77532958984375,135.1602020263672,443.9372863769531
2021-12-27,5.265999794006348,450.2199401855469,69.8552474975586,169.3699951171875,108.90840911865234,126.87260437011719,96.38427734375,135.19419860839844,450.2199401855469
2021-12-28,5.264999866485596,449.85211181640625,69.88174438476562,168.63999938964844,108.84066009521484,126.36982727050781,96.7393798828125,135.14169311523438,449.85211181640625
2021-12-29,5.25,450.4274597167969,69.8552474975586,168.58999633789062,108.93379974365234,124.98928833007812,97.39038848876953,135.14169311523438,450.4274597167969
2021-12-30,5.236999988555908,449.18231201171875,69.67211151123047,169.8000030517578,109.50093078613281,126.03752136230469,97.81311798095703,135.1215057373047,449.18231201171875
2021-12-31,5.236999988555908,448.05023193359375,69.61018371582031,170.9600067138672,109.36548614501953,126.28456115722656,98.08368682861328,135.1215057373047,448.05023193359375
2022-01-03,5.235000133514404,450.64447021484375,70.0614013671875,168.3300018310547,108.73907470703125,122.96961212158203,97.31429290771484,135.1331024169922,450.64447021484375
2022-01-04,5.2210001945495605,450.4934997558594,70.45952606201172,169.57000732421875,108.32434844970703,122.45830535888672,97.1959228515625,135.12879943847656,450.4934997558594
2022-01-05,5.2170000076293945,441.8430480957031,69.8402099609375,169.05999755859375,107.44396209716797,121.79360961914062,94.41431427001953,135.13409423828125,441.8430480957031
2022-01-06,5.201000213623047,441.4279479980469,69.486328125,166.99000549316406,106.9783935546875,122.10888671875,94.49885559082031,135.12789916992188,441.4279479980469
2022-01-07,5.189000129699707,439.6827697753906,69.68980407714844,167.75,106.85145568847656,121.23114013671875,93.87320709228516,135.11590576171875,439.6827697753906
2022-01-10,5.184000015258789,439.1357116699219,69.04395294189453,168.25999450683594,106.98684692382812,121.52943420410156,93.33208465576172,135.11590576171875,439.1357116699219
2022-01-11,5.188000202178955,443.13543701171875,69.79595947265625,170.2899932861328,107.73177337646484,122.3389892578125,93.47582244873047,135.11590576171875,443.13543701171875
2022-01-12,5.190000057220459,444.33349609375,70.47721099853516,170.74000549316406,107.03767395019531,121.87033081054688,93.58575439453125,135.11590576171875,444.33349609375
2022-01-13,5.199999809265137,438.211181640625,69.96407318115234,170.16000366210938,107.06303405761719,122.95259857177734,93.39973449707031,135.11300659179688,438.211181640625
2022-01-14,5.190000057220459,438.39044189453125,69.89329528808594,169.6699981689453,106.58056640625,121.09485626220703,92.55424499511719,135.10670471191406,438.39044189453125
2022-01-17,5.178999900817871,438.39044189453125,69.89329528808594,169.6699981689453,106.58056640625,121.09485626220703,92.55424499511719,135.10670471191406,438.39044189453125
2022-01-18,5.172999858856201,430.6267395019531,68.86700439453125,169.38999938964844,106.07263946533203,119.39046478271484,91.58195495605469,135.10670471191406,430.6267395019531
2022-01-19,5.171999931335449,426.15521240234375,68.8050765991211,172.0800018310547,105.85256958007812,120.21707916259766,90.34757232666016,135.0946044921875,426.15521240234375
2022-01-20,5.171999931335449,421.4385681152344,68.46888732910156,171.64999389648438,105.97957611083984,120.95845794677734,89.18925476074219,135.08270263671875,421.4385681152344
2022-01-21,5.185999870300293,413.1654357910156,67.53992462158203,171.08999633789062,106.63981628417969,122.398681640625,88.96945190429688,135.10760498046875,413.1654357910156
2022-01-24,5.186999797821045,414.9200744628906,66.8675308227539,172.02999877929688,106.88528442382812,121.39309692382812,89.13854217529297,135.0980987548828,414.9200744628906
2022-01-25,5.184999942779541,409.85430908203125,66.46056365966797,172.5800018310547,106.69908142089844,121.19705200195312,88.78343963623047,135.11300659179688,409.85430908203125
2022-01-26,5.179999828338623,408.8260803222656,66.20399475097656,169.7899932861328,106.0218734741211,119.73131561279297,87.39686584472656,135.09579467773438,408.8260803222656
2022-01-27,5.165999889373779,406.8072814941406,65.89434051513672,167.60000610351562,106.45359802246094,121.92999267578125,85.95109558105469,135.10989379882812,406.8072814941406
2022-01-28,5.166999816894531,416.9104919433594,66.11552429199219,167.10000610351562,106.8260269165039,121.97257995605469,88.73271179199219,135.09890747070312,416.9104919433594
2022-01-31,5.156000137329102,424.4194641113281,67.07986450195312,168.08999633789062,107.11384582519531,121.3419189453125,89.8233642578125,135.05409240722656,424.4194641113281
2022-02-01,5.1519999504089355,427.2872619628906,67.71688079833984,168.22999572753906,106.41646575927734,120.93919372558594,89.50209045410156,135.0718994140625,427.2872619628906
2022-02-02,5.160999774932861,431.4379577636719,68.22116088867188,168.83999633789062,106.535400390625,121.34879302978516,90.64350128173828,135.07249450683594,431.4379577636719
2022-02-03,5.132999897003174,421.2970275878906,67.14179229736328,168.60000610351562,105.86431884765625,120.40155029296875,89.67964172363281,135.07249450683594,421.2970275878906
2022-02-04,5.111999988555908,423.278076171875,67.3010482788086,168.86000061035156,105.25276184082031,118.62651824951172,88.79190063476562,135.06680297851562,423.278076171875
2022-02-07,5.104000091552734,421.91961669921875,67.41606140136719,170.11000061035156,105.21028137207031,118.70332336425781,88.66506958007812,135.0605926513672,421.91961669921875
2022-02-08,5.098999977111816,425.3910827636719,67.76110076904297,170.6300048828125,105.07434844970703,117.90965270996094,88.25078582763672,135.05760192871094,425.3910827636719
2022-02-09,5.104000091552734,431.6171875,68.85816955566406,171.2100067138672,105.27822875976562,118.131591796875,90.2461166381836,135.05499267578125,431.6171875
2022-02-10,5.077000141143799,423.8629150390625,67.98228454589844,170.55999755859375,104.43728637695312,116.254150390625,88.11551666259766,135.05079650878906,423.8629150390625
2022-02-11,5.067999839782715,415.5049133300781,66.95601654052734,173.80999755859375,105.37168884277344,117.97801971435547,87.31232452392578,135.0478973388672,415.5049133300781
2022-02-14,5.063000202178955,414.146484375,66.5224838256836,174.74000549316406,105.09134674072266,116.51022338867188,86.517578125,135.0740966796875,414.146484375
2022-02-15,5.060999870300293,420.8253173828125,67.743408203125,173.0800018310547,104.65817260742188,115.18744659423828,87.29539489746094,135.04269409179688,420.8253173828125
2022-02-16,5.060999870300293,421.2970275878906,67.99998474121094,174.86000061035156,104.86199188232422,115.87018585205078,87.70123291015625,135.05430603027344,421.2970275878906
2022-02-17,5.078000068664551,412.2975158691406,66.90291595458984,177.25,105.099853515625,116.73200988769531,86.7712173461914,135.04530334472656,412.2975158691406
2022-02-18,5.078999996185303,409.6278991699219,66.61981201171875,177.1199951171875,105.44813537597656,117.96089935302734,86.24701690673828,135.03329467773438,409.6278991699219
2022-02-21,5.083000183105469,409.6278991699219,66.61981201171875,177.1199951171875,105.44813537597656,117.96089935302734,86.24701690673828,135.04690551757812,409.6278991699219
2022-02-22,5.070000171661377,405.23187255859375,65.84124755859375,177.49000549316406,105.7708969116211,118.2681655883789,85.93419647216797,135.022705078125,405.23187255859375
2022-02-23,5.066999912261963,398.0436706542969,65.30156707763672,178.2899932861328,105.84734344482422,116.63819885253906,84.51377868652344,135.05029296875,398.0436706542969
2022-02-24,5.066999912261963,404.0338134765625,64.42568969726562,177.13999938964844,106.28052520751953,116.71502685546875,85.93419647216797,134.95570373535156,404.0338134765625
2022-02-25,5.064000129699707,412.9483947753906,66.035888671875,176.5500030517578,106.18712615966797,116.80033111572266,88.0055923461914,134.95570373535156,412.9483947753906
2022-02-28,5.085000038146973,411.8919372558594,64.77957916259766,178.3800048828125,108.0303726196289,119.36048126220703,86.69512176513672,135.01429748535156,411.8919372558594
2022-03-01,5.136000156402588,405.6187744140625,63.36402130126953,181.6199951171875,108.8039321899414,120.74048614501953,86.2385482788086,135.0142059326172,405.6187744140625
2022-03-02,5.11899995803833,413.0805969238281,64.16026306152344,179.72999572753906,108.09758758544922,116.61322784423828,87.85340881347656,135.0800018310547,413.0805969238281
2022-03-03,5.085000038146973,411.0240783691406,62.89510726928711,180.8000030517578,107.9699478149414,117.80097198486328,88.57207489013672,134.99009704589844,411.0240783691406
2022-03-04,5.113999843597412,407.6846008300781,61.072574615478516,183.67999267578125,108.7953872680664,119.83468627929688,88.97789764404297,135.00770568847656,407.6846008300781
2022-03-07,5.091000080108643,395.6663818359375,59.13502883911133,186.41000366210938,109.38255310058594,118.92037200927734,87.21930694580078,134.95779418945312,395.6663818359375
2022-03-08,5.083000183105469,392.66656494140625,59.64817428588867,191.50999450683594,109.91015625,117.72409057617188,86.79658508300781,135.23129272460938,392.66656494140625
2022-03-09,5.050000190734863,403.1943054199219,62.143089294433594,185.82000732421875,108.82093048095703,116.57051086425781,88.13241577148438,135.03819274902344,403.1943054199219
2022-03-10,5.017000198364258,401.37359619140625,61.399932861328125,186.39999389648438,108.5826416015625,114.89568328857422,88.35225677490234,134.97999572753906,401.37359619140625
2022-03-11,5.025000095367432,396.27020263671875,60.736385345458984,185.08999633789062,109.3485336303711,115.28023529052734,87.65049743652344,135.0207061767578,396.27020263671875
2022-03-14,4.993000030517578,393.37408447265625,61.293758392333984,182.3000030517578,108.14016723632812,112.58854675292969,86.9656753540039,134.97000122070312,393.37408447265625
2022-03-15,5.002999782562256,402.0245056152344,61.87767791748047,178.88999938964844,107.33174133300781,112.39202117919922,87.54904174804688,134.97000122070312,402.0245056152344
2022-03-16,4.99399995803833,410.9390563964844,64.09834289550781,180.00999450683594,106.71052551269531,113.49436950683594,88.58898162841797,134.99000549316406,410.9390563964844
2022-03-17,4.997499942779541,416.0803527832031,64.63802337646484,180.88999938964844,108.16569519042969,112.64833068847656,89.9586410522461,135.01480102539062,416.0803527832031
2022-03-18,5.01200008392334,420.6375732421875,65.26617431640625,179.3000030517578,107.8338394165039,114.02410125732422,89.9586410522461,135.0131072998047,420.6375732421875
2022-03-21,4.980000019073486,420.51458740234375,64.85920715332031,180.6699981689453,106.8807144165039,111.38370513916016,89.40909576416016,134.9929962158203,420.51458740234375
2022-03-22,4.960999965667725,425.4351806640625,65.46966552734375,179.36000061035156,106.38714599609375,109.95668029785156,89.63737487792969,134.9385986328125,425.4351806640625
2022-03-23,4.971499919891357,419.95623779296875,64.62033081054688,181.80999755859375,107.72315216064453,112.36637878417969,88.6317138671875,134.9969024658203,419.95623779296875
2022-03-24,4.96750020980835,426.2868347167969,65.2219467163086,183.1300048828125,107.05943298339844,111.48623657226562,89.19277954101562,134.95889282226562,426.2868347167969
2022-03-25,4.944499969482422,428.3686218261719,65.25733947753906,182.3800048828125,106.32759857177734,109.93960571289062,90.306396484375,134.9907989501953,428.3686218261719
2022-03-28,4.946499824523926,431.4156799316406,65.04499816894531,179.05999755859375,106.20848083496094,110.87955474853516,91.26701354980469,134.9564971923828,431.4156799316406
2022-03-29,4.945499897003174,436.75262451171875,66.48709869384766,179.13999938964844,105.8255386352539,111.71697998046875,93.9448471069336,134.9788055419922,436.75262451171875
2022-03-30,4.959000110626221,434.05584716796875,66.21282196044922,180.5800018310547,106.34465026855469,112.58854675292969,93.26476287841797,134.97869873046875,434.05584716796875
2022-03-31,4.98199987411499,427.3750915527344,65.11578369140625,180.64999389648438,106.00424194335938,112.86199951171875,92.12561798095703,134.9322052001953,427.3750915527344
2022-04-01,4.956999778747559,428.5862731933594,65.72623443603516,179.5,105.4201431274414,113.29161071777344,93.91934204101562,134.95700073242188,428.5862731933594
2022-04-04,4.9679999351501465,432.2578430175781,65.99165344238281,180.3699951171875,105.34306335449219,112.5042724609375,93.46028137207031,134.92269897460938,432.2578430175781
2022-04-05,4.938499927520752,426.7977600097656,65.09809112548828,179.24000549316406,104.5808334350586,109.96250915527344,93.001220703125,134.947998046875,426.7977600097656
2022-04-06,4.91949987411499,422.5301513671875,64.31952667236328,179.66000366210938,104.11835479736328,109.07247161865234,94.1063461303711,134.94619750976562,422.5301513671875
2022-04-07,4.918499946594238,424.65924072265625,64.46107482910156,180.33999633789062,103.9813232421875,108.2508773803711,93.17124938964844,134.91659545898438,424.65924072265625
2022-04-08,4.899499893188477,423.5237731933594,64.48761749267578,181.47000122070312,104.16973114013672,107.07845306396484,93.32426452636719,134.95089721679688,423.5237731933594
2022-04-11,4.883999824523926,416.2848205566406,63.80638885498047,182.3699951171875,103.9898681640625,105.38397979736328,92.32115936279297,134.9071044921875,416.2848205566406
2022-04-12,4.890500068664551,414.7423400878906,63.328636169433594,183.77000427246094,103.9813232421875,105.23848724365234,92.18512725830078,134.9403076171875,414.7423400878906
2022-04-13,4.8979997634887695,419.49261474609375,64.0098648071289,184.64999389648438,103.78431701660156,105.45240020751953,92.83970642089844,134.93919372558594,419.49261474609375
2022-04-14,4.871500015258789,414.26910400390625,63.717918395996094,184.0399932861328,103.77577209472656,103.33859252929688,92.44015502929688,134.9228057861328,414.26910400390625
2022-04-18,4.871500015258789,414.4394836425781,63.3463249206543,184.61000061035156,103.74150085449219,102.82510375976562,92.06612396240234,134.9228057861328,414.4394836425781
2022-04-19,4.843500137329102,421.1296081542969,63.647125244140625,181.82000732421875,103.22763061523438,102.05485534667969,94.07237243652344,134.92080688476562,421.1296081542969
2022-04-20,4.854499816894531,420.8174133300781,64.0718002319336,182.7100067138672,103.9898681640625,104.10881042480469,95.63654327392578,134.8874969482422,420.8174133300781
2022-04-21,4.8354997634887695,414.5247802734375,63.381710052490234,182.05999755859375,104.4009780883789,103.33859252929688,94.97347259521484,134.91549682617188,414.5247802734375
2022-04-22,4.829500198364258,403.15045166015625,62.346595764160156,180.2899932861328,103.9898681640625,102.68814849853516,93.30726623535156,134.91400146484375,403.15045166015625
2022-04-25,4.85699987411499,405.4877014160156,62.045780181884766,177.0500030517578,103.91279602050781,103.71512603759766,93.06925201416016,134.91400146484375,405.4877014160156
2022-04-26,4.864500045776367,393.7445068359375,60.311710357666016,177.32000732421875,104.13549041748047,104.75920104980469,91.53905487060547,134.86590576171875,393.7445068359375
2022-04-27,4.858500003814697,394.85162353515625,60.58598709106445,175.97999572753906,103.96418762207031,103.41559600830078,90.93547821044922,134.8961944580078,394.85162353515625
2022-04-28,4.8379998207092285,404.8253479003906,61.44416809082031,176.92999267578125,104.55514526367188,103.56962585449219,92.61019134521484,134.90969848632812,404.8253479003906
2022-04-29,4.832499980926514,389.8647766113281,60.7275505065918,176.91000366210938,103.69012451171875,102.22603607177734,88.35967254638672,134.9080047607422,389.8647766113281
2022-05-02,4.811999797821045,392.2115783691406,60.57712936401367,173.6300048828125,102.18653106689453,100.45405578613281,86.22592163085938,134.88839721679688,392.2115783691406
2022-05-03,4.823500156402588,394.00946044921875,61.02835464477539,174.08999633789062,102.55770874023438,101.13130187988281,87.29702758789062,134.8719940185547,394.00946044921875
2022-05-04,4.809500217437744,406.0082092285156,62.09886932373047,175.8000030517578,103.36040496826172,101.68856811523438,88.30016326904297,134.8719940185547,406.0082092285156
2022-05-05,4.7829999923706055,391.5775146484375,60.09938430786133,175.1300048828125,102.27285766601562,98.90241241455078,85.94537353515625,134.84910583496094,391.5775146484375
2022-05-06,4.786499977111816,389.2402038574219,59.515464782714844,175.4199981689453,102.00526428222656,97.44509887695312,84.92525482177734,134.88839721679688,389.2402038574219
2022-05-09,4.7829999923706055,376.7778015136719,57.71946716308594,172.8800048828125,101.60823822021484,98.30233764648438,81.1847915649414,134.91929626464844,376.7778015136719
2022-05-10,4.80649995803833,377.6484375,58.152992248535156,171.4199981689453,101.1507797241211,99.19389343261719,79.70561981201172,134.85260009765625,377.6484375
2022-05-11,4.80049991607666,371.6490478515625,57.807945251464844,172.82000732421875,102.37644958496094,101.10562133789062,79.53559875488281,134.843505859375,371.6490478515625
2022-05-12,4.829500198364258,371.2610168457031,57.66638946533203,170.1699981689453,101.9362564086914,100.91697692871094,80.15618133544922,134.8542938232422,371.2610168457031
2022-05-13,4.820499897003174,380.13702392578125,59.267738342285156,168.7899932861328,102.46275329589844,99.42534637451172,82.27293395996094,134.89529418945312,380.13702392578125
2022-05-16,4.826499938964844,378.59466552734375,59.320831298828125,170.39999389648438,102.49725341796875,99.32247924804688,81.75436401367188,134.81509399414062,378.59466552734375
2022-05-17,4.802499771118164,386.38250732421875,60.42673873901367,169.3300018310547,101.9793701171875,98.122314453125,82.86801147460938,134.83689880371094,386.38250732421875
2022-05-18,4.802999973297119,370.8067932128906,58.984622955322266,169.4199981689453,102.68714904785156,100.21403503417969,80.46222686767578,134.8323974609375,370.8067932128906
2022-05-19,4.823500156402588,368.5357666015625,59.55085372924805,171.91000366210938,102.32464599609375,100.45405578613281,80.10517883300781,134.8238983154297,368.5357666015625
2022-05-20,4.817500114440918,368.6966552734375,59.95782470703125,172.02999877929688,102.3677978515625,101.59420013427734,80.615234375,134.85389709472656,368.6966552734375
2022-05-23,4.811500072479248,375.594970703125,60.97526550292969,172.8300018310547,102.00526428222656,99.92254638671875,81.55034637451172,134.83180236816406,375.594970703125
2022-05-24,4.831999778747559,372.727783203125,60.87793731689453,174.1300048828125,102.55770874023438,101.89427185058594,82.23892974853516,134.86180114746094,372.727783203125
2022-05-25,4.8379998207092285,376.0207824707031,60.89563751220703,173.0800018310547,102.6440200805664,102.29718780517578,82.93601989746094,134.83380126953125,376.0207824707031
2022-05-26,4.835999965667725,383.5342102050781,61.56802749633789,172.75999450683594,103.06694030761719,101.83428955078125,83.03802490234375,134.8498992919922,383.5342102050781
2022-05-27,4.84250020980835,392.9496765136719,62.31119918823242,172.85000610351562,103.39491271972656,102.08287811279297,85.26528930664062,134.83889770507812,392.9496765136719
2022-05-30,4.83050012588501,392.9496765136719,62.31119918823242,172.85000610351562,103.39491271972656,102.08287811279297,85.26528930664062,134.81590270996094,392.9496765136719
2022-05-31,4.815999984741211,390.7447509765625,61.93960952758789,171.13999938964844,102.6612548828125,99.92254638671875,84.21966552734375,134.81939697265625,390.7447509765625
2022-06-01,4.795499801635742,387.5842590332031,61.284908294677734,172.22999572753906,102.23954010009766,99.80836486816406,83.5225830078125,134.81199645996094,387.5842590332031
2022-06-02,4.796500205993652,394.9652099609375,62.55892562866211,174.35000610351562,102.71102142333984,99.85984802246094,84.67022705078125,134.81199645996094,394.9652099609375
2022-06-03,4.7895002365112305,388.4832458496094,61.665348052978516,172.5800018310547,103.3047866821289,99.64518737792969,83.53960418701172,134.83790588378906,388.4832458496094
2022-06-06,4.766499996185303,389.66607666015625,61.91307067871094,171.82000732421875,102.6324462890625,97.80738067626953,83.27605438232422,134.7666015625,389.66607666015625
2022-06-07,4.784999847412109,393.4038391113281,62.09886932373047,172.94000244140625,102.876953125,98.86369323730469,84.42369079589844,134.77810668945312,393.4038391113281
2022-06-08,4.771999835968018,389.1267395019531,61.2318229675293,172.77999877929688,102.62373352050781,97.98770141601562,82.47696685791016,134.8043975830078,389.1267395019531
2022-06-09,4.753499984741211,379.8721008300781,59.9459228515625,172.22999572753906,102.60623931884766,98.3140640258789,80.52171325683594,134.75340270996094,379.8721008300781
2022-06-10,4.715000152587891,368.85748291015625,58.49905014038086,174.5399932861328,102.1521987915039,97.70429992675781,78.73651885986328,134.83399963378906,368.85748291015625
2022-06-13,4.668499946594238,354.8526916503906,56.563846588134766,169.92999267578125,100.43206787109375,94.63848114013672,74.80052947998047,134.7406005859375,354.8526916503906
2022-06-14,4.644499778747559,353.78338623046875,56.030311584472656,168.57000732421875,99.05244445800781,93.44473266601562,74.23095703125,134.69369506835938,353.78338623046875
2022-06-15,4.65749979019165,358.8270263671875,57.07929611206055,170.77000427246094,100.42333221435547,95.18807220458984,75.99066925048828,134.74249267578125,358.8270263671875
2022-06-16,4.671000003814697,346.9512023925781,55.822322845458984,172.69000244140625,100.12644958496094,95.94379425048828,73.99293518066406,134.74249267578125,346.9512023925781
2022-06-17,4.689000129699707,347.6991882324219,55.596248626708984,171.27000427246094,100.17886352539062,96.25297546386719,74.55399322509766,134.7729034423828,347.6991882324219
2022-06-20,4.6595001220703125,347.6991882324219,55.596248626708984,171.27000427246094,100.17886352539062,96.25297546386719,74.55399322509766,134.7720947265625,347.6991882324219
2022-06-21,4.670000076293945,356.4521179199219,56.43724060058594,170.6300048828125,99.8295669555664,94.62124633789062,75.59113311767578,134.78489685058594,356.4521179199219
2022-06-22,4.680500030517578,355.80572509765625,56.05744171142578,171.30999755859375,100.4058609008789,97.2233657836914,76.55172729492188,134.75840759277344,355.80572509765625
2022-06-23,4.724999904632568,359.2936096191406,55.994140625,170.25999450683594,100.70272827148438,98.0220718383789,78.00611114501953,134.7454071044922,359.2936096191406
2022-06-24,4.7170000076293945,370.7169189453125,57.667091369628906,170.08999633789062,100.79878997802734,96.66519927978516,79.66584014892578,134.78460693359375,370.7169189453125
2022-06-27,4.692500114440918,369.3009033203125,57.422935485839844,169.89999389648438,100.07406616210938,95.84075164794922,79.54605865478516,134.74879455566406,369.3009033203125
2022-06-28,4.680500030517578,361.7550354003906,57.03407669067383,169.6199951171875,99.72480010986328,96.28730773925781,78.57931518554688,134.7476043701172,361.7550354003906
2022-06-29,4.706999778747559,361.46044921875,56.81705093383789,169.49000549316406,99.55016326904297,97.79019165039062,78.0916748046875,134.72410583496094,361.46044921875
