Date,AGGH.MI,CSPX.L,EFA,GLD,TIP,TLT,VNQ,XEON.MI
2019-08-29,5.285999774932861,289.05999755859375,52.048255920410156,144.1199951171875,94.20067596435547,120.72088623046875,71.31783294677734,136.9687957763672
2019-08-30,5.289000034332275,288.8800048828125,52.25492858886719,143.75,93.84175109863281,120.75369262695312,71.37199401855469,136.9656982421875
2019-09-02,5.2820000648498535,288.2200012207031,52.25492858886719,143.75,93.84175109863281,120.75369262695312,71.37199401855469,136.96279907226562
2019-09-03,5.291999816894531,287.1300048828125,52.15572738647461,145.75,93.7292251586914,120.90974426269531,72.0840072631836,136.9658966064453
2019-09-04,5.289000034332275,290.0799865722656,52.89148712158203,146.66000366210938,93.96064758300781,121.09042358398438,72.68767547607422,136.95880126953125
2019-09-05,5.256999969482422,294.8900146484375,53.17255401611328,143.13999938964844,93.53771209716797,118.8974838256836,72.16139221191406,136.95880126953125
2019-09-06,5.26800012588501,294.9100036621094,53.34615707397461,141.9199981689453,93.61752319335938,119.74342346191406,72.32391357421875,136.93299865722656
2019-09-09,5.249000072479248,295.2799987792969,53.503231048583984,141.38999938964844,93.138671875,117.61614990234375,71.97566986083984,136.92799377441406
2019-09-10,5.236000061035156,292.82000732421875,53.59416961669922,140.17999267578125,92.60401916503906,115.55461883544922,71.23268127441406,136.92799377441406
2019-09-11,5.23199987411499,295.9200134277344,53.89177322387695,141.02999877929688,92.50027465820312,115.34927368164062,71.31006622314453,136.9517059326172
2019-09-12,5.230999946594238,297.9599914550781,54.20591735839844,141.32000732421875,92.42843627929688,114.59361267089844,71.68928527832031,136.9477996826172
2019-09-13,5.199999809265137,298.17999267578125,54.51179122924805,140.14999389648438,91.88574981689453,112.14599609375,70.92310333251953,136.9311981201172
2019-09-16,5.203000068664551,296.57000732421875,54.02404022216797,141.32000732421875,92.43639373779297,113.5751724243164,71.54226684570312,136.9434051513672
2019-09-17,5.208000183105469,296.760009765625,54.20591735839844,141.60000610351562,92.55614471435547,114.1911392211914,72.31620025634766,136.9429931640625
2019-09-18,5.2210001945495605,296.5799865722656,54.13977813720703,140.7100067138672,92.26882934570312,114.67576599121094,72.06851196289062,136.9429931640625
2019-09-19,5.21999979019165,299.0,54.321651458740234,141.27999877929688,92.4523696899414,115.02076721191406,72.32391357421875,136.93609619140625
2019-09-20,5.2270002365112305,297.989990234375,54.19764709472656,142.9499969482422,92.96308898925781,116.54023742675781,72.32391357421875,136.93310546875
2019-09-23,5.245999813079834,296.260009765625,54.05710983276367,143.75,93.0908203125,116.51558685302734,72.44002532958984,136.92799377441406
2019-09-24,5.251999855041504,296.1000061035156,53.850440979003906,144.50999450683594,93.29833984375,117.92002868652344,72.2793197631836,136.94790649414062
2019-09-25,5.24399995803833,294.2699890136719,53.693363189697266,141.8300018310547,92.81149291992188,116.19523620605469,72.41971588134766,136.94790649414062
2019-09-26,5.243000030517578,293.8500061035156,53.89177322387695,141.7899932861328,92.86735534667969,116.94267272949219,73.02823638916016,136.94790649414062
2019-09-27,5.244999885559082,295.489990234375,53.70991134643555,141.05999755859375,92.72368621826172,117.23013305664062,72.62255859375,136.9346923828125
2019-09-30,5.241000175476074,294.8800048828125,53.90830612182617,138.8699951171875,92.80354309082031,117.51762390136719,72.74740600585938,136.9134979248047
2019-10-01,5.247000217437744,293.3599853515625,53.37921905517578,139.6300048828125,92.98417663574219,117.87136840820312,72.06086730957031,136.92149353027344
2019-10-02,5.244999885559082,285.6700134277344,52.28800582885742,141.25999450683594,92.98417663574219,118.15938568115234,71.7566146850586,136.90280151367188
2019-10-03,5.25600004196167,286.2799987792969,52.63521194458008,141.89999389648438,93.27996063232422,119.23717498779297,72.45093536376953,136.89810180664062
2019-10-04,5.257999897003174,290.7200012207031,53.04854965209961,141.89999389648438,93.56773376464844,120.1175537109375,72.88782501220703,136.90660095214844
2019-10-07,5.256999969482422,292.5,52.9824104309082,140.69000244140625,93.31193542480469,119.12202453613281,72.73177337646484,136.89590454101562
2019-10-08,5.261000156402588,286.9100036621094,52.48640823364258,141.9199981689453,93.22400665283203,119.44293212890625,72.34951782226562,136.90879821777344
2019-10-09,5.251999855041504,288.5199890136719,52.86668395996094,142.0500030517578,93.0321273803711,118.76825714111328,72.48993682861328,136.89129638671875
2019-10-10,5.230999946594238,291.8399963378906,53.23868942260742,140.80999755859375,92.73636627197266,116.99922943115234,72.6069564819336,136.88839721679688
2019-10-11,5.2129998207092285,296.4800109863281,54.189388275146484,140.02999877929688,92.44859313964844,115.5511703491211,72.57575225830078,136.86390686035156
2019-10-14,5.2179999351501465,294.30999755859375,53.96617889404297,140.58999633789062,92.6004638671875,116.39044189453125,72.6069564819336,136.87789916992188
2019-10-15,5.2129998207092285,297.0,54.59445571899414,139.61000061035156,92.28868865966797,114.98346710205078,72.70056915283203,136.87710571289062
2019-10-16,5.211999893188477,296.2900085449219,54.677127838134766,140.41000366210938,92.43257141113281,115.12329864501953,72.70838165283203,136.87710571289062
2019-10-17,5.210999965667725,296.8599853515625,54.80939483642578,140.61000061035156,92.56050109863281,114.84354400634766,73.18428802490234,136.87680053710938
2019-10-18,5.211999893188477,296.44000244140625,54.78459930419922,140.4600067138672,92.70438385009766,114.84354400634766,73.74596405029297,136.87559509277344
2019-10-21,5.197999954223633,297.6000061035156,55.08219528198242,139.7899932861328,92.40862274169922,113.97964477539062,74.30763244628906,136.87559509277344
2019-10-22,5.205999851226807,298.3399963378906,54.94993591308594,140.1999969482422,92.68843841552734,114.64611053466797,74.0892105102539,136.87559509277344
2019-10-23,5.211999893188477,297.3299865722656,55.24753952026367,140.52999877929688,92.75237274169922,114.76126861572266,74.25303649902344,136.85760498046875
2019-10-24,5.216000080108643,298.4800109863281,55.34675216674805,141.52999877929688,92.80831909179688,114.53092193603516,74.0658187866211,136.85609436035156
2019-10-25,5.205999851226807,299.8500061035156,55.40460968017578,141.86000061035156,92.82430267333984,113.9714126586914,73.43389892578125,136.85609436035156
2019-10-28,5.190000057220459,301.05999755859375,55.65261459350586,140.63999938964844,92.37666320800781,112.9346923828125,72.98924255371094,136.85609436035156
2019-10-29,5.197999954223633,301.7699890136719,55.636085510253906,140.25,92.14483642578125,113.00878143310547,73.43389892578125,136.845703125
2019-10-30,5.197999954223633,300.9599914550781,55.867557525634766,141.02000427246094,92.4885482788086,114.66253662109375,73.69915008544922,136.845703125
2019-10-31,5.218999862670898,300.07000732421875,55.73529052734375,142.42999267578125,92.77630615234375,116.20939636230469,73.56654357910156,136.8415985107422
2019-11-01,5.2129998207092285,303.2699890136719,56.23130416870117,142.55999755859375,92.91224670410156,115.85166931152344,73.55091094970703,136.84100341796875
2019-11-04,5.210000038146973,305.3599853515625,56.52063751220703,142.14999389648438,92.84829711914062,114.32685852050781,73.0360336303711,136.80250549316406
2019-11-05,5.193999767303467,305.010009765625,56.41316604614258,139.85000610351562,92.67241668701172,113.04109191894531,71.79564666748047,136.80250549316406
2019-11-06,5.190999984741211,304.8399963378906,56.38836669921875,140.4499969482422,92.96822357177734,113.72516632080078,71.95164489746094,136.8300018310547
2019-11-07,5.170000076293945,306.739990234375,56.561973571777344,138.27000427246094,92.44850158691406,111.66463470458984,71.23393249511719,136.82749938964844
2019-11-08,5.176000118255615,305.739990234375,56.528907775878906,137.38999938964844,92.392578125,111.19490051269531,71.06230163574219,136.75360107421875
2019-11-11,5.166999816894531,305.5899963378906,56.454505920410156,137.05999755859375,92.44054412841797,111.26900482177734,71.21833801269531,136.81979370117188
2019-11-12,5.166999816894531,307.4200134277344,56.47930908203125,137.42999267578125,92.424560546875,111.78007507324219,70.68003845214844,136.81979370117188
2019-11-13,5.179999828338623,306.5400085449219,56.28090286254883,137.97999572753906,92.5044937133789,112.50535583496094,71.32756042480469,136.82760620117188
2019-11-14,5.197999954223633,306.510009765625,56.12382888793945,138.55999755859375,92.72035217285156,113.6675033569336,71.88143157958984,136.81069946289062
2019-11-15,5.186999797821045,309.0,56.47930908203125,138.2100067138672,92.6084213256836,113.54389190673828,72.27153015136719,136.83560180664062
2019-11-18,5.195000171661377,309.6499938964844,56.54544448852539,138.6199951171875,92.79231262207031,113.74990844726562,72.62255859375,136.81329345703125
2019-11-19,5.196000099182129,309.5799865722656,56.47104263305664,138.69000244140625,92.96022033691406,114.6977767944336,72.74740600585938,136.84669494628906
2019-11-20,5.202000141143799,309.1400146484375,56.11556625366211,138.75999450683594,93.32003021240234,115.8846664428711,72.70838165283203,136.78660583496094
2019-11-21,5.195000171661377,307.54998779296875,56.041160583496094,138.0,93.11212921142578,115.15933227539062,71.68641662597656,136.79580688476562
2019-11-22,5.203000068664551,307.9200134277344,56.1982307434082,137.74000549316406,93.14413452148438,115.3077621459961,71.42117309570312,136.79469299316406
2019-11-25,5.199999809265137,310.6099853515625,56.64464569091797,137.0800018310547,93.2480239868164,115.64564514160156,71.64739227294922,136.79220581054688
2019-11-26,5.208000183105469,311.42999267578125,56.61157989501953,137.74000549316406,93.44794464111328,116.32149505615234,72.59915924072266,136.81520080566406
2019-11-27,5.204999923706055,312.3999938964844,56.7603874206543,137.00999450683594,93.2640609741211,115.98355865478516,72.94242858886719,136.79029846191406
2019-11-28,5.202000141143799,312.79998779296875,56.7603874206543,137.00999450683594,93.2640609741211,115.98355865478516,72.94242858886719,136.79029846191406
2019-11-29,5.199999809265137,312.1199951171875,56.36357116699219,137.86000061035156,93.04817962646484,115.73625946044922,72.6069564819336,136.7801971435547
2019-12-02,5.186999797821045,309.0799865722656,56.07423400878906,137.7899932861328,92.91535949707031,114.1932144165039,71.50698852539062,136.76519775390625
2019-12-03,5.210999965667725,305.510009765625,55.867557525634766,139.11000061035156,93.49152374267578,116.58751678466797,71.96723937988281,136.78089904785156
2019-12-04,5.193999767303467,309.4800109863281,56.38010787963867,138.9199981689453,93.427490234375,115.42338562011719,72.26368713378906,136.7779998779297
2019-12-05,5.189000129699707,308.70001220703125,56.27262878417969,139.0,93.29145812988281,114.86195373535156,72.30269622802734,136.77659606933594
2019-12-06,5.192999839782715,312.739990234375,56.78518295288086,137.6199951171875,93.2274398803711,114.22618103027344,72.45093536376953,136.77920532226562
2019-12-09,5.190999984741211,312.2699890136719,56.487571716308594,137.5800018310547,93.25141906738281,114.47386169433594,72.59136199951172,136.77920532226562
2019-12-10,5.188000202178955,311.6499938964844,56.512367248535156,137.97000122070312,93.2274398803711,114.48212432861328,72.17008972167969,136.77920532226562
2019-12-11,5.196000099182129,311.6000061035156,56.80998992919922,138.9199981689453,93.55554962158203,115.38208770751953,71.43677520751953,136.75680541992188
2019-12-12,5.178999900817871,313.94000244140625,57.19026565551758,138.42999267578125,93.0993881225586,113.4831314086914,70.46939849853516,136.75680541992188
2019-12-13,5.201000213623047,314.0199890136719,57.58707046508789,139.0500030517578,93.4754867553711,114.79592895507812,70.48500061035156,136.75430297851562
2019-12-16,5.186999797821045,317.5199890136719,58.20237350463867,139.0399932861328,93.25944519042969,113.76380920410156,70.99209594726562,136.75430297851562
2019-12-17,5.192999839782715,317.239990234375,57.86796188354492,139.00999450683594,93.38748931884766,113.60698699951172,70.32118225097656,136.75430297851562
2019-12-18,5.183000087738037,317.6700134277344,57.79273223876953,139.02000427246094,93.2834701538086,112.67404174804688,71.17829132080078,136.7458953857422
2019-12-19,5.179999828338623,318.1700134277344,57.79273223876953,139.3800048828125,93.43486785888672,112.85429382324219,71.80908203125,136.7458953857422
2019-12-20,5.182000160217285,320.5,57.834529876708984,139.52000427246094,93.38677215576172,113.00308990478516,72.20335388183594,136.74290466308594
2019-12-23,5.184999942779541,320.8800048828125,57.92649841308594,139.9499969482422,93.22657012939453,112.83772277832031,71.84064483642578,136.73910522460938
2019-12-24,5.184999942779541,320.8699951171875,57.86796188354492,141.27000427246094,93.33869171142578,113.16023254394531,72.02986145019531,136.73910522460938
2019-12-26,5.184999942779541,320.8699951171875,58.1187629699707,142.3800048828125,93.40278625488281,113.43313598632812,72.34526062011719,136.73910522460938
2019-12-27,5.196000099182129,322.6099853515625,58.21908187866211,142.3300018310547,93.43486785888672,113.55718231201172,72.57392883300781,136.72279357910156
2019-12-30,5.182000160217285,320.3299865722656,57.78437042236328,142.6300048828125,93.46686553955078,113.14374542236328,72.6448974609375,136.72279357910156
2019-12-31,5.182000160217285,320.29998779296875,58.05188751220703,142.89999389648438,93.37077331542969,112.03559875488281,73.1653060913086,136.72279357910156
2020-01-02,5.190999984741211,321.7300109863281,58.637081146240234,143.9499969482422,93.8272933959961,113.30082702636719,72.30583190917969,136.71310424804688
2020-01-03,5.203999996185303,322.04998779296875,57.909767150878906,145.86000061035156,94.25984191894531,115.04571533203125,72.7552719116211,136.7093963623047
2020-01-06,5.202000141143799,321.55999755859375,58.13548278808594,147.38999938964844,94.01956939697266,114.39241790771484,72.8420181274414,136.6999053955078
2020-01-07,5.197000026702881,322.3299865722656,57.97664260864258,147.97000122070312,93.73119354248047,113.83006286621094,72.02986145019531,136.6999053955078
2020-01-08,5.191999912261963,322.9200134277344,58.14384841918945,146.86000061035156,93.64311218261719,113.0775146484375,72.2506332397461,136.6999969482422
2020-01-09,5.182000160217285,325.42999267578125,58.27760314941406,146.02999877929688,93.63509368896484,113.4744644165039,72.21121215820312,136.6999969482422
2020-01-10,5.195000171661377,325.7799987792969,58.060245513916016,146.91000366210938,93.91542053222656,114.48343658447266,72.76316833496094,136.6999969482422
2020-01-13,5.186999797821045,326.0899963378906,58.36119842529297,145.82000732421875,93.89942169189453,114.13604736328125,73.63841247558594,136.6999969482422
2020-01-14,5.191999912261963,326.8900146484375,58.419715881347656,145.69000244140625,94.02754974365234,114.72315216064453,73.36243438720703,136.6999969482422
2020-01-15,5.203000068664551,327.8599853515625,58.419715881347656,146.5399932861328,94.09963989257812,115.48397827148438,74.0247802734375,136.6999969482422
2020-01-16,5.201000213623047,328.7300109863281,58.66217041015625,146.30999755859375,93.94746398925781,115.12010955810547,74.61615753173828,136.6999969482422
2020-01-17,5.197999954223633,330.4800109863281,58.83771896362305,146.5800018310547,93.7952651977539,114.13604736328125,74.6871337890625,136.69869995117188
2020-01-20,5.199999809265137,330.7200012207031,58.83771896362305,146.5800018310547,93.7952651977539,114.13604736328125,74.6871337890625,136.67190551757812
2020-01-21,5.210999965667725,330.8599853515625,58.369564056396484,146.74000549316406,94.09963989257812,115.33512878417969,75.39678955078125,136.6468963623047
2020-01-22,5.2129998207092285,331.2699890136719,58.486610412597656,146.7899932861328,94.03557586669922,115.7403793334961,74.89213562011719,136.64430236816406
2020-01-23,5.2270002365112305,329.04998779296875,58.34449005126953,147.1199951171875,94.22777557373047,116.55074310302734,75.52294158935547,136.664306640625
2020-01-24,5.232999801635742,329.6400146484375,58.09367370605469,147.97999572753906,94.43608093261719,117.49347686767578,75.2627182006836,136.69129943847656
2020-01-27,5.245999813079834,322.989990234375,56.88984298706055,148.99000549316406,94.65232849121094,119.32105255126953,74.90001678466797,136.69129943847656
2020-01-28,5.241000175476074,326.1000061035156,57.42488479614258,147.66000366210938,94.50812530517578,118.3865966796875,75.19965362548828,136.65829467773438
2020-01-29,5.248000144958496,326.70001220703125,57.43323516845703,148.4600067138672,94.85258483886719,119.5443344116211,74.9236831665039,136.65829467773438
2020-01-30,5.25600004196167,323.8800048828125,57.383087158203125,148.47000122070312,94.95670318603516,119.5608901977539,74.97886657714844,136.65919494628906
2020-01-31,5.26200008392334,322.260009765625,56.413330078125,149.3300018310547,95.36519622802734,120.6524429321289,74.06420135498047,136.65570068359375
2020-02-03,5.25600004196167,323.6199951171875,56.54707717895508,148.36000061035156,95.13829040527344,120.5547103881836,74.30862426757812,136.63609313964844
2020-02-04,5.245999813079834,328.7200012207031,57.491764068603516,146.42999267578125,94.72935485839844,118.9311752319336,75.07350158691406,136.64849853515625
2020-02-05,5.23799991607666,330.5299987792969,58.043521881103516,146.61000061035156,94.44871520996094,117.6307373046875,75.12078857421875,136.64849853515625
2020-02-06,5.236999988555908,332.8999938964844,58.20237350463867,147.39999389648438,94.6251220703125,118.16090393066406,75.37312316894531,136.66650390625
2020-02-07,5.250999927520752,332.3399963378906,57.650604248046875,147.7899932861328,95.00999450683594,119.63526153564453,75.35736846923828,136.66650390625
2020-02-10,5.258999824523926,332.3299865722656,57.76763916015625,148.1699981689453,95.1543197631836,119.96663665771484,76.2010498046875,136.66650390625
2020-02-11,5.255000114440918,334.95001220703125,58.16057205200195,147.66000366210938,94.87369537353516,119.36200714111328,76.77667236328125,136.66650390625
2020-02-12,5.250999927520752,336.2799987792969,58.36119842529297,147.5399932861328,94.77743530273438,118.75720977783203,77.23400115966797,136.66650390625
2020-02-13,5.25,336.489990234375,57.951568603515625,148.3800048828125,94.97791290283203,119.21285247802734,77.69920349121094,136.622802734375
2020-02-14,5.255000114440918,336.5199890136719,57.851234436035156,149.0,95.05010223388672,119.73465728759766,78.50349426269531,136.622802734375
2020-02-17,5.25600004196167,337.5899963378906,57.851234436035156,149.0,95.05010223388672,119.73465728759766,78.50349426269531,136.622802734375
2020-02-18,5.263000011444092,334.7200012207031,57.483402252197266,150.91000366210938,95.25856018066406,120.5547103881836,78.416748046875,136.61810302734375
2020-02-19,5.261000156402588,337.6199951171875,57.67567443847656,151.7899932861328,95.21849822998047,120.54646301269531,77.36014556884766,136.61810302734375
2020-02-20,5.269999980926514,333.5,57.33293151855469,152.41000366210938,95.40288543701172,121.49068450927734,78.28270721435547,136.60560607910156
2020-02-21,5.2769999504089355,333.32000732421875,57.06541061401367,154.6999969482422,95.57930755615234,122.6254653930664,78.5113754272461,136.6024932861328
2020-02-24,5.291999816894531,323.1000061035156,54.78311538696289,156.08999633789062,96.02032470703125,124.45612335205078,77.43899536132812,136.59959411621094
2020-02-25,5.294000148773193,317.82000732421875,53.8802375793457,153.3000030517578,95.85992431640625,125.11878204345703,75.34158325195312,136.606201171875
2020-02-26,5.289000034332275,316.0,53.94711685180664,153.97000122070312,95.81182098388672,124.45612335205078,74.52942657470703,136.625
2020-02-27,5.295000076293945,304.05999755859375,52.35036087036133,154.0,96.09244537353516,125.8062744140625,70.56324005126953,136.625
2020-02-28,5.308000087738037,290.9200134277344,52.032684326171875,148.3800048828125,96.24486541748047,128.64743041992188,68.86006927490234,136.60699462890625
2020-03-02,5.315999984741211,300.2799987792969,52.70147705078125,149.1999969482422,96.4693603515625,127.70095825195312,71.80120086669922,136.61399841308594
2020-03-03,5.328999996185303,304.1000061035156,52.27511978149414,153.88999938964844,97.44758605957031,129.68357849121094,71.63560485839844,136.6179962158203
2020-03-04,5.340000152587891,305.17999267578125,53.83843994140625,154.16000366210938,97.3032455444336,128.3064727783203,74.34017181396484,136.58189392089844
2020-03-05,5.339000225067139,306.32000732421875,52.40888214111328,157.49000549316406,97.60795593261719,131.500244140625,72.7474136352539,136.5821075439453
2020-03-06,5.368000030517578,294.5400085449219,51.623043060302734,157.5500030517578,98.25745391845703,138.34405517578125,71.49368286132812,136.5825958251953
2020-03-09,5.377999782562256,279.489990234375,47.618595123291016,157.80999755859375,96.23680114746094,142.09359741210938,65.9820327758789,136.7012939453125
2020-03-10,5.34499979019165,274.8800048828125,49.37419891357422,154.47999572753906,93.47846984863281,134.8102569580078,68.76970672607422,136.7012939453125
2020-03-11,5.326000213623047,277.1000061035156,46.85783386230469,153.92999267578125,91.36164855957031,129.8494873046875,64.6374740600586,136.57139587402344
2020-03-12,5.254000186920166,251.1999969482422,41.70806884765625,147.7899932861328,91.14512634277344,130.6541748046875,58.08949279785156,136.6071014404297
2020-03-13,5.175000190734863,252.52999877929688,44.232791900634766,143.27999877929688,91.50594329833984,127.70095825195312,63.15940475463867,136.57359313964844
2020-03-16,5.190000057220459,251.13999938964844,39.66822814941406,141.63999938964844,90.87249755859375,135.97157287597656,51.962677001953125,136.781005859375
2020-03-17,5.105000019073486,249.3000030517578,41.599388122558594,143.55999755859375,88.33067321777344,126.90462493896484,54.96650314331055,136.58799743652344
2020-03-18,5.070000171661377,236.66000366210938,39.216793060302734,140.6999969482422,87.24820709228516,119.74559020996094,49.73762512207031,136.7209014892578
2020-03-19,5.073999881744385,238.5,39.827064514160156,138.0399932861328,88.9400405883789,123.00569152832031,49.9124641418457,136.45370483398438
2020-03-20,5.00600004196167,237.22000122070312,39.333831787109375,140.11000061035156,92.9011459350586,132.2551727294922,47.4251823425293,136.69320678710938
2020-03-23,5.11899995803833,223.14999389648438,38.87403106689453,146.3000030517578,94.64917755126953,137.705322265625,45.22398376464844,137.56689453125
2020-03-24,5.130000114440918,242.80999755859375,42.16787338256836,153.39999389648438,94.70527648925781,135.14202880859375,49.29263687133789,136.72569274902344
2020-03-25,5.165999889373779,250.33999633789062,43.538917541503906,151.3000030517578,95.61937713623047,134.83509826660156,51.9467887878418,136.5583038330078
2020-03-26,5.215000152587891,259.3399963378906,45.486793518066406,153.24000549316406,96.10850524902344,135.49874877929688,55.61015319824219,136.54359436035156
2020-03-27,5.230999946594238,255.0,44.19099044799805,152.25,96.42122650146484,139.11553955078125,55.66579818725586,136.53900146484375
2020-03-30,5.24399995803833,259.79998779296875,45.085514068603516,152.9199981689453,94.88970184326172,137.97076416015625,56.88160705566406,136.5364990234375
2020-03-31,5.235000133514404,263.5,44.692588806152344,148.0500030517578,94.55290985107422,136.85084533691406,55.50686264038086,136.5364990234375
2020-04-01,5.230999946594238,250.16000366210938,42.711273193359375,149.4499969482422,95.1279296875,138.7682342529297,51.859375,136.7178955078125
2020-04-02,5.235000133514404,250.14999389648438,43.54727554321289,151.89999389648438,96.58141326904297,139.64883422851562,52.034202575683594,136.60650634765625
2020-04-03,5.24399995803833,248.9600067138672,42.55242919921875,152.64999389648438,97.43264770507812,139.9811248779297,51.27927780151367,136.52609252929688
2020-04-06,5.236999988555908,260.3999938964844,44.80963134765625,156.8800048828125,97.36837768554688,139.6156463623047,55.077735900878906,136.54490661621094
2020-04-07,5.22599983215332,271.7799987792969,45.06043243408203,156.0399932861328,97.30414581298828,138.15353393554688,55.586326599121094,136.4582061767578
2020-04-08,5.224999904632568,271.20001220703125,45.42828369140625,154.64999389648438,96.63764190673828,137.1483612060547,59.3768424987793,136.51609802246094
2020-04-09,5.252999782562256,278.4700012207031,46.4565544128418,158.69000244140625,97.59323120117188,137.3975372314453,62.70645523071289,136.51609802246094
2020-04-13,5.252999782562256,278.4700012207031,46.01348114013672,161.41000366210938,97.76993560791016,136.14309692382812,60.06819534301758,136.51609802246094
2020-04-14,5.284999847412109,281.55999755859375,46.8327522277832,162.67999267578125,98.05904388427734,136.10986328125,61.75285339355469,136.49989318847656
2020-04-15,5.270999908447266,277.2699890136719,45.369754791259766,161.85000610351562,98.16339111328125,139.71533203125,59.30531311035156,136.50140380859375
2020-04-16,5.289999961853027,279.30999755859375,45.394832611083984,161.7100067138672,97.31218719482422,141.3020782470703,58.62986755371094,136.50790405273438
2020-04-17,5.291999816894531,283.8299865722656,46.59867858886719,158.57000732421875,96.84642791748047,139.4079132080078,60.48141860961914,136.4971923828125
2020-04-20,5.270999908447266,285.760009765625,45.90479278564453,159.6999969482422,96.54930877685547,140.5294189453125,58.23253631591797,136.49220275878906
2020-04-21,5.281000137329102,273.29998779296875,45.01028060913086,158.61000061035156,97.03915405273438,142.29885864257812,57.175636291503906,136.4853057861328
2020-04-22,5.289999961853027,278.8299865722656,45.771034240722656,161.72999572753906,97.62537384033203,140.84515380859375,58.049774169921875,136.55859375
2020-04-23,5.2729997634887695,282.8800048828125,45.62891387939453,163.33999633789062,97.56916046142578,141.5928497314453,57.56501007080078,136.47850036621094
2020-04-24,5.2870001792907715,279.6700134277344,46.15559768676758,162.63999938964844,98.12326049804688,141.92506408691406,57.81137466430664,136.4832000732422
2020-04-27,5.283999919891357,287.17999267578125,46.765872955322266,161.55999755859375,97.93051147460938,139.28335571289062,59.79005813598633,136.4407958984375
2020-04-28,5.288000106811523,288.0,47.11699295043945,160.83999633789062,98.26778411865234,140.8866424560547,60.28274917602539,136.5054931640625
2020-04-29,5.297999858856201,293.1300048828125,48.29575729370117,161.72999572753906,98.1473388671875,140.15560913085938,61.188663482666016,136.39010620117188
2020-04-30,5.306000232696533,291.32000732421875,47.29255294799805,158.8000030517578,97.41657257080078,138.51902770996094,60.48141860961914,136.00509643554688
2020-05-01,5.306000232696533,283.92999267578125,46.26427459716797,159.77999877929688,97.41497039794922,139.7052459716797,58.43915557861328,136.00509643554688
2020-05-04,5.297999858856201,281.7099914550781,46.24755096435547,160.33999633789062,97.51153564453125,139.048095703125,58.15306854248047,136.5229034423828
2020-05-05,5.315000057220459,289.0799865722656,46.331146240234375,161.02000427246094,97.62428283691406,138.15806579589844,58.43915557861328,136.50050354003906
2020-05-06,5.28000020980835,286.70001220703125,46.03019714355469,158.9499969482422,97.14933776855469,135.92877197265625,57.39018630981445,136.4857940673828
2020-05-07,5.289999961853027,288.9800109863281,46.72407913208008,161.38999938964844,97.76114654541016,138.1995391845703,58.208709716796875,136.45779418945312
2020-05-08,5.302000045776367,288.9800109863281,47.518272399902344,160.4199981689453,97.72892761230469,136.40283203125,59.59138870239258,136.49710083007812
2020-05-11,5.275000095367432,292.20001220703125,47.476478576660156,159.4199981689453,97.39083099365234,135.338134765625,58.7252197265625,136.44239807128906
2020-05-12,5.281000137329102,292.69000244140625,46.87455368041992,160.0399932861328,97.47935485839844,136.72727966308594,56.055171966552734,136.4405059814453
2020-05-13,5.289999961853027,283.94000244140625,46.51507568359375,161.5800018310547,97.56792449951172,137.683837890625,54.696311950683594,136.43800354003906
2020-05-14,5.293000221252441,280.3500061035156,46.071990966796875,163.00999450683594,97.68059539794922,139.03143310546875,54.88703155517578,136.43069458007812
2020-05-15,5.2870001792907715,283.239990234375,46.11379623413086,163.92999267578125,97.84966278076172,138.67372131347656,54.67246627807617,136.4279022216797
2020-05-18,5.2870001792907715,295.6000061035156,47.97808074951172,162.69000244140625,97.84162902832031,135.62924194335938,57.90673828125,136.43649291992188
2020-05-19,5.2829999923706055,296.0,47.31763458251953,164.25999450683594,97.72892761230469,136.1366424560547,57.127952575683594,136.44020080566406
2020-05-20,5.291999816894531,298.0899963378906,48.30411148071289,164.64999389648438,98.01873779296875,136.54429626464844,57.63653564453125,136.44090270996094
2020-05-21,5.304999828338623,294.7900085449219,47.743995666503906,162.25,97.91409301757812,136.88531494140625,57.684200286865234,136.44439697265625
2020-05-22,5.304999828338623,294.0199890136719,47.61024475097656,163.2100067138672,97.9704360961914,137.70889282226562,58.46297836303711,136.46290588378906
2020-05-25,5.307000160217285,294.0199890136719,47.61024475097656,163.2100067138672,97.9704360961914,137.70889282226562,58.46297836303711,136.41929626464844
2020-05-26,5.297999858856201,301.0299987792969,48.972923278808594,160.88999938964844,97.60818481445312,135.86221313476562,60.64830780029297,136.42880249023438
2020-05-27,5.320000171661377,299.3800048828125,49.56647872924805,161.17999267578125,97.70476531982422,135.6126251220703,61.856170654296875,136.47340393066406
2020-05-28,5.311999797821045,305.17999267578125,50.03464126586914,161.72000122070312,98.01070404052734,135.11358642578125,62.15019989013672,136.41700744628906
2020-05-29,5.311999797821045,301.5199890136719,49.85908126831055,162.91000366210938,98.05094146728516,136.07838439941406,61.53036117553711,136.39599609375
2020-06-01,5.302999973297119,305.04998779296875,50.9709587097168,163.66000366210938,98.17169189453125,135.1622772216797,62.95279312133789,136.16940307617188
2020-06-02,5.307000160217285,306.4100036621094,51.44748306274414,162.60000610351562,97.95433044433594,134.67088317871094,63.461387634277344,136.39419555664062
2020-06-03,5.291999816894531,312.3699951171875,52.676395416259766,159.60000610351562,97.63232421875,132.8800811767578,65.4957275390625,136.3950958251953
2020-06-04,5.297999858856201,311.92999267578125,52.45068359375,161.27999877929688,97.26201629638672,130.9561767578125,64.84410095214844,136.39120483398438
2020-06-05,5.2870001792907715,321.1400146484375,53.35355758666992,158.00999450683594,97.25393676757812,130.02337646484375,67.2995834350586,136.39549255371094
2020-06-08,5.291999816894531,320.29998779296875,54.04743957519531,159.72000122070312,97.46329498291016,130.5230712890625,68.96835327148438,136.3563995361328
2020-06-09,5.296000003814697,321.42999267578125,53.345211029052734,161.25999450683594,97.55989074707031,132.00564575195312,67.82405090332031,136.38819885253906
2020-06-10,5.295000076293945,319.2300109863281,53.22816467285156,163.57000732421875,98.30855560302734,133.962890625,66.09964752197266,136.37840270996094
2020-06-11,5.328000068664551,308.55999755859375,50.37739562988281,162.38999938964844,98.34073638916016,136.49490356445312,61.856170654296875,136.3509979248047
2020-06-12,5.322999954223633,303.8599853515625,51.24684524536133,162.6199951171875,98.0750961303711,135.178955078125,64.07325744628906,136.33009338378906
2020-06-15,5.315000057220459,301.7799987792969,51.45710372924805,162.3300018310547,98.1153335571289,135.2538299560547,64.97917938232422,136.3466033935547
2020-06-16,5.315999984741211,313.3599853515625,52.09300994873047,162.25,98.0670394897461,133.17994689941406,66.25858306884766,136.97889709472656
2020-06-17,5.314000129699707,312.94000244140625,52.28801727294922,162.55999755859375,98.00263977050781,133.72975158691406,65.29703521728516,136.3155059814453
2020-06-18,5.335000038146973,311.8599853515625,52.00822448730469,162.24000549316406,98.4454116821289,135.1455535888672,64.58183288574219,136.22549438476562
2020-06-19,5.322000026702881,313.80999755859375,51.75385665893555,164.02999877929688,98.63860321044922,135.2538299560547,63.644142150878906,136.41810607910156
2020-06-22,5.323999881744385,310.6400146484375,52.372806549072266,165.08999633789062,98.88814544677734,135.2704620361328,63.580589294433594,136.35580444335938
2020-06-23,5.313000202178955,315.6600036621094,52.66108703613281,166.47999572753906,98.9444808959961,134.34603881835938,63.318321228027344,136.41119384765625
2020-06-24,5.318999767303467,305.989990234375,51.31296920776367,165.89999389648438,98.80767059326172,135.78692626953125,61.514469146728516,136.38580322265625
2020-06-25,5.334000110626221,304.3999938964844,52.042137145996094,165.8000030517578,98.89619445800781,136.17837524414062,62.30015182495117,136.3509979248047
2020-06-26,5.329999923706055,303.5,51.287532806396484,166.5399932861328,99.06523895263672,137.63597106933594,61.10438537597656,136.34739685058594
2020-06-29,5.328000068664551,304.6000061035156,51.70299530029297,166.6300048828125,99.17796325683594,137.2028045654297,62.28410339355469,136.3282012939453
2020-06-30,5.329999923706055,308.29998779296875,51.60972595214844,167.3699951171875,99.0169906616211,136.53662109375,63.02241516113281,136.3654022216797
2020-07-01,5.317999839782715,311.3699951171875,51.80473327636719,166.6199951171875,99.08135223388672,136.2714080810547,64.47500610351562,136.14999389648438
2020-07-02,5.326000213623047,315.0199890136719,52.372806549072266,166.97999572753906,99.35507202148438,136.41305541992188,64.29041290283203,136.37579345703125
2020-07-03,5.340000152587891,313.20001220703125,52.372806549072266,166.97999572753906,99.35507202148438,136.41305541992188,64.29041290283203,136.339599609375
2020-07-06,5.334000110626221,318.7799987792969,53.22915267944336,167.97999572753906,99.54826354980469,135.85446166992188,64.25830841064453,136.32449340820312
2020-07-07,5.328999996185303,318.5199890136719,52.4491081237793,169.0399932861328,99.57240295410156,137.76405334472656,62.982295989990234,136.32350158691406
2020-07-08,5.349999904632568,315.30999755859375,52.89000701904297,170.08999633789062,99.39529418945312,137.2136688232422,62.89399719238281,136.32000732421875
2020-07-09,5.335999965667725,313.6499938964844,52.28801727294922,169.6300048828125,99.65291595458984,139.39837646484375,62.500770568847656,136.31790161132812
2020-07-10,5.35099983215332,316.8800048828125,52.847618103027344,169.19000244140625,99.54826354980469,138.69789123535156,62.69337844848633,136.38400268554688
2020-07-13,5.333000183105469,323.8699951171875,52.50847244262695,169.39999389648438,99.76563262939453,139.15658569335938,61.9470329284668,136.3065948486328
2020-07-14,5.3460001945495605,317.70001220703125,53.2800178527832,170.19000244140625,99.78173065185547,139.3567657470703,62.46866989135742,136.30880737304688
2020-07-15,5.348999977111816,323.19000244140625,53.882015228271484,170.33999633789062,99.72537231445312,138.70635986328125,63.07857131958008,136.29769897460938
2020-07-16,5.354000091552734,321.42999267578125,53.53438186645508,168.72999572753906,99.92662811279297,139.36508178710938,62.3242301940918,136.2747039794922
2020-07-17,5.353000164031982,322.760009765625,53.84809494018555,170.1199951171875,100.11177062988281,139.07318115234375,63.13477325439453,136.30149841308594
2020-07-20,5.359000205993652,324.42999267578125,54.110939025878906,170.94000244140625,100.24861145019531,139.4151611328125,62.38041305541992,136.29559326171875
2020-07-21,5.370999813079834,328.239990234375,54.221160888671875,173.0,100.47405242919922,139.49847412109375,62.532859802246094,136.36090087890625
2020-07-22,5.373000144958496,327.1400146484375,54.36530303955078,175.6300048828125,100.47405242919922,139.91534423828125,63.487876892089844,136.28790283203125
2020-07-23,5.375,328.5199890136719,53.932884216308594,177.17999267578125,100.5223617553711,141.54974365234375,63.22305679321289,136.29710388183594
2020-07-24,5.361000061035156,323.1600036621094,53.63613510131836,178.6999969482422,100.49819946289062,141.5414276123047,62.757568359375,136.31790161132812
2020-07-27,5.375,323.489990234375,54.33985900878906,182.22999572753906,100.49819946289062,141.01609802246094,63.35145950317383,136.30740356445312
2020-07-28,5.366000175476074,324.79998779296875,53.99223709106445,183.75,100.68334197998047,141.99176025390625,64.61141204833984,136.30540466308594
2020-07-29,5.369999885559082,325.45001220703125,54.560306549072266,185.1300048828125,100.91681671142578,141.74996948242188,65.86337280273438,136.31260681152344
2020-07-30,5.383999824523926,324.3599853515625,53.75483322143555,183.75999450683594,101.02142333984375,142.68380737304688,65.43801879882812,136.34190368652344
2020-07-31,5.379000186920166,325.54998779296875,52.6102180480957,185.42999267578125,101.31929016113281,142.5921173095703,65.3176498413086,136.27490234375
2020-08-03,5.375,330.67999267578125,53.63613510131836,185.63999938964844,101.45613098144531,141.8741912841797,64.45091247558594,136.2711944580078
2020-08-04,5.385000228881836,331.2200012207031,53.932884216308594,189.58999633789062,101.68154907226562,143.2265625,65.41394805908203,136.26010131835938
2020-08-05,5.374000072479248,333.95001220703125,54.110939025878906,191.35000610351562,101.72985076904297,141.974365234375,65.08492279052734,136.247802734375
2020-08-06,5.39300012588501,333.3900146484375,54.170284271240234,193.88999938964844,101.84253692626953,142.76744079589844,65.18924713134766,136.2458038330078
2020-08-07,5.385000228881836,335.9200134277344,53.9498405456543,190.80999755859375,101.5688705444336,141.81576538085938,66.12017822265625,136.2541961669922
2020-08-10,5.385000228881836,336.2799987792969,54.12789535522461,190.14999389648438,101.44811248779297,141.18128967285156,66.22451782226562,136.24749755859375
2020-08-11,5.354000091552734,338.8800048828125,54.322898864746094,179.94000244140625,101.22270202636719,139.50338745117188,65.26948547363281,136.2469940185547
2020-08-12,5.349999904632568,339.1099853515625,55.52687454223633,179.10000610351562,101.28709411621094,138.2344512939453,65.9275894165039,136.21099853515625
2020-08-13,5.354000091552734,339.4200134277344,55.2809944152832,183.3300018310547,101.02949523925781,136.75686645507812,65.11702728271484,136.23789978027344
2020-08-14,5.3480000495910645,339.010009765625,54.94184875488281,182.5399932861328,100.86044311523438,136.22264099121094,65.12504577636719,136.2386932373047
2020-08-17,5.360000133514404,339.5799865722656,55.35730743408203,186.5,101.0777816772461,136.5648651123047,65.65470123291016,136.20640563964844
2020-08-18,5.354000091552734,340.1400146484375,55.32339096069336,188.17999267578125,101.52861022949219,137.54156494140625,65.34172058105469,136.23049926757812
2020-08-19,5.357999801635742,341.3500061035156,55.0775032043457,182.24000549316406,101.22270202636719,136.6817169189453,64.19412231445312,136.23049926757812
2020-08-20,5.360000133514404,339.04998779296875,54.899452209472656,183.5,101.12610626220703,137.91726684570312,64.80402374267578,136.24090576171875
2020-08-21,5.35699987411499,340.1400146484375,54.61965560913086,182.02999877929688,101.47228240966797,138.74371337890625,64.90835571289062,136.24090576171875
2020-08-24,5.35099983215332,343.55999755859375,55.34033966064453,181.0,101.67350769042969,138.51832580566406,65.32566833496094,136.22129821777344
2020-08-25,5.335000038146973,344.760009765625,55.3742561340332,181.22000122070312,101.64131164550781,137.45811462402344,65.49420928955078,136.2158966064453
2020-08-26,5.329999923706055,347.2099914550781,55.696449279785156,183.36000061035156,101.84253692626953,136.9322052001953,64.89230346679688,136.19850158691406
2020-08-27,5.328000068664551,350.9599914550781,55.12837219238281,181.24000549316406,101.4400634765625,134.60308837890625,65.84730529785156,136.1851043701172
2020-08-28,5.322000026702881,350.9700012207031,55.518394470214844,184.38999938964844,101.7620620727539,134.50291442871094,66.28068542480469,136.20860290527344
2020-08-31,5.322999954223633,350.9700012207031,55.0944709777832,184.8300018310547,102.22091674804688,135.39620971679688,65.6065444946289,136.20269775390625
2020-09-01,5.340000152587891,352.7200012207031,55.153812408447266,185.0500030517578,102.27729034423828,136.94476318359375,65.65470123291016,136.2021942138672
2020-09-02,5.355000019073486,356.5400085449219,55.891456604003906,182.6199951171875,102.31751251220703,138.24856567382812,66.87454223632812,136.2017059326172
2020-09-03,5.361000061035156,348.82000732421875,54.628135681152344,181.13999938964844,101.96331787109375,138.64137268066406,66.07202911376953,136.16400146484375
2020-09-04,5.3470001220703125,339.0400085449219,54.70443344116211,181.63999938964844,101.64936828613281,136.00877380371094,65.72694396972656,136.16200256347656
2020-09-07,5.34499979019165,345.2799987792969,54.70443344116211,181.63999938964844,101.64936828613281,136.00877380371094,65.72694396972656,136.1905975341797
2020-09-08,5.35099983215332,337.3599853515625,54.034629821777344,181.2899932861328,101.74594116210938,136.844482421875,64.92440032958984,136.1873016357422
2020-09-09,5.340000152587891,341.7699890136719,55.04359436035156,183.0500030517578,101.80232238769531,136.47677612304688,65.56644439697266,136.18460083007812
2020-09-10,5.340000152587891,341.92999267578125,54.39921951293945,182.4600067138672,101.89085388183594,137.17044067382812,64.76390075683594,136.18319702148438
2020-09-11,5.349999904632568,336.54998779296875,54.94184875488281,182.4499969482422,101.83452606201172,137.4629364013672,64.40276336669922,136.1800994873047
2020-09-14,5.360000133514404,341.6199951171875,55.23860168457031,183.88999938964844,101.77011108398438,137.45457458496094,65.97573852539062,136.2010955810547
2020-09-15,5.35699987411499,343.3900146484375,55.59469223022461,183.4499969482422,101.84253692626953,137.1203155517578,66.77022552490234,136.1688995361328
2020-09-16,5.359000205993652,344.0199890136719,55.59469223022461,183.97000122070312,101.84253692626953,136.7107696533203,67.12332916259766,136.16769409179688
2020-09-17,5.36899995803833,338.239990234375,55.671024322509766,182.9600067138672,101.89891815185547,137.12863159179688,65.81522369384766,136.14639282226562
2020-09-18,5.363999843597412,335.1400146484375,55.22164535522461,183.1999969482422,101.81037139892578,136.7024383544922,64.33055114746094,136.16600036621094
2020-09-21,5.364999771118164,324.989990234375,53.82265853881836,179.52000427246094,101.62520599365234,137.39608764648438,62.396446228027344,136.164794921875
2020-09-22,5.361000061035156,329.3299865722656,53.805702209472656,178.64999389648438,101.65740203857422,137.28738403320312,63.142784118652344,136.16200256347656
2020-09-23,5.357999801635742,331.2300109863281,53.3563346862793,174.7899932861328,101.5527572631836,137.4712677001953,61.240806579589844,136.1820068359375
2020-09-24,5.3520002365112305,326.3399963378906,53.305458068847656,175.44000244140625,101.62520599365234,137.9977569580078,61.56983947753906,136.1522979736328
2020-09-25,5.353000164031982,328.5799865722656,53.48351287841797,174.94000244140625,101.7620620727539,137.9977569580078,62.83958435058594,136.14950561523438
2020-09-28,5.3520002365112305,336.8699951171875,54.28898620605469,176.6999969482422,101.97134399414062,137.6050567626953,64.12548828125,136.1779022216797
2020-09-29,5.355999946594238,336.0400085449219,54.229637145996094,178.19000244140625,102.14042663574219,137.76377868652344,63.66449737548828,136.1221923828125
2020-09-30,5.343999862670898,339.6199951171875,53.966800689697266,177.1199951171875,101.83452606201172,136.4432830810547,63.85860061645508,136.14930725097656
2020-10-01,5.3480000495910645,340.5799865722656,54.280513763427734,178.6999969482422,101.81591033935547,136.66831970214844,65.13642883300781,136.13600158691406
2020-10-02,5.3470001220703125,337.29998779296875,54.170284271240234,178.5399932861328,101.83207702636719,136.15805053710938,66.26057434082031,136.13360595703125
2020-10-05,5.3470001220703125,341.4599914550781,54.99272155761719,179.41000366210938,101.52516174316406,133.49761962890625,66.64069366455078,136.15679931640625
2020-10-06,5.340000152587891,342.54998779296875,54.40768814086914,177.3000030517578,101.54132843017578,134.21710205078125,66.20396423339844,136.12550354003906
2020-10-07,5.341000080108643,342.6099853515625,54.874019622802734,177.22000122070312,101.53324127197266,133.23828125,66.30103302001953,136.12510681152344
2020-10-08,5.35099983215332,345.05999755859375,55.255558013916016,177.85000610351562,101.93709564208984,133.957763671875,67.40900421142578,136.12069702148438
2020-10-09,5.3480000495910645,349.1300048828125,55.68797302246094,181.0800018310547,101.9693832397461,133.93264770507812,67.14209747314453,136.08700561523438
2020-10-12,5.348999977111816,355.1400146484375,56.010154724121094,180.55999755859375,102.03400421142578,134.3594207763672,67.45751190185547,136.1414031982422
2020-10-13,5.368000030517578,354.9700012207031,55.38274002075195,177.72000122070312,102.03400421142578,135.3214874267578,66.30103302001953,136.0780029296875
2020-10-14,5.360000133514404,353.2200012207031,55.28947067260742,178.27000427246094,102.03400421142578,135.63101196289062,65.49227142333984,136.07589721679688
2020-10-15,5.363999843597412,348.75,54.63661575317383,178.9199981689453,102.00171661376953,135.3967742919922,65.83192443847656,136.072998046875
2020-10-16,5.364999771118164,352.3500061035156,54.89097595214844,178.3000030517578,102.04206848144531,135.020263671875,65.36284637451172,136.07989501953125
2020-10-19,5.364999771118164,349.3699951171875,54.6874885559082,178.38999938964844,101.79978942871094,134.50997924804688,64.34384155273438,136.13299560546875
2020-10-20,5.359000205993652,346.4700012207031,54.958797454833984,179.25,101.71094512939453,133.2299346923828,64.80482482910156,136.12939453125
2020-10-21,5.353000164031982,346.6600036621094,54.69597244262695,180.60000610351562,101.67862701416016,132.7698211669922,64.61072540283203,136.09500122070312
2020-10-22,5.340000152587891,345.6199951171875,54.73835372924805,178.8300018310547,101.52516174316406,131.389404296875,64.60265350341797,136.09030151367188
2020-10-23,5.354000091552734,347.45001220703125,55.0944709777832,178.63999938964844,101.6463394165039,132.1925506591797,64.9908447265625,136.05599975585938
2020-10-26,5.348999977111816,340.7300109863281,54.10245895385742,178.5500030517578,101.72708129882812,133.42234802246094,64.060791015625,136.1179962158203
2020-10-27,5.367000102996826,341.94000244140625,53.67852783203125,179.02000427246094,101.92901611328125,134.3175048828125,63.0336799621582,136.0780029296875
2020-10-28,5.35699987411499,332.3399963378906,52.076053619384766,176.1300048828125,101.79978942871094,134.4430389404297,61.52940368652344,136.07730102539062
2020-10-29,5.355000019073486,332.2300109863281,52.32193374633789,175.39999389648438,101.45245361328125,133.13790893554688,62.35432052612305,136.0760040283203
2020-10-30,5.354000091552734,328.7200012207031,52.050621032714844,176.1999969482422,101.14555358886719,131.82444763183594,61.941864013671875,136.07330322265625
2020-11-02,5.3480000495910645,333.239990234375,52.72890853881836,177.91000366210938,101.51641845703125,132.81178283691406,63.4218635559082,136.0706024169922
2020-11-03,5.3460001945495605,340.8999938964844,54.110939025878906,178.9199981689453,101.43545532226562,132.0413818359375,64.64308166503906,136.0594940185547
2020-11-04,5.363999843597412,349.2200012207031,54.70443344116211,178.82000732421875,101.60552215576172,134.90565490722656,64.75630950927734,136.02999877929688
2020-11-05,5.366000175476074,354.20001220703125,56.018638610839844,182.92999267578125,101.68645477294922,135.14010620117188,65.0636215209961,136.05780029296875
2020-11-06,5.363999843597412,353.19000244140625,56.13733673095703,183.19000244140625,101.22491455078125,133.50701904296875,64.61882019042969,136.05099487304688
2020-11-09,5.357999801635742,363.6099853515625,57.77372741699219,175.0800018310547,100.93342590332031,130.7012939453125,66.90756225585938,136.0200958251953
2020-11-10,5.349999904632568,356.1600036621094,58.29092788696289,175.66000366210938,101.03058624267578,129.9475555419922,67.88614654541016,136.02020263671875
2020-11-11,5.343999862670898,359.7799987792969,58.78269577026367,174.89999389648438,101.20870208740234,130.41661071777344,68.14495849609375,136.0500030517578
2020-11-12,5.3480000495910645,358.4800109863281,57.92633819580078,175.9600067138672,101.49211883544922,132.63595581054688,67.25532531738281,136.04249572753906
2020-11-13,5.35699987411499,358.6400146484375,58.81659698486328,177.16000366210938,101.48401641845703,132.4600372314453,69.05074310302734,136.0399932861328
2020-11-16,5.355000019073486,364.989990234375,59.42706298828125,177.14999389648438,101.34638214111328,132.141845703125,69.82714080810547,136.03579711914062
2020-11-17,5.360000133514404,363.9800109863281,59.367713928222656,176.5,101.51641845703125,133.0045166015625,69.89185333251953,136.03700256347656
2020-11-18,5.367000102996826,364.3699951171875,59.054012298583984,175.49000549316406,101.54879760742188,133.3897705078125,68.53312683105469,136.0323944091797
2020-11-19,5.373000144958496,358.67999267578125,59.46947479248047,175.16000366210938,101.65406036376953,134.0764923095703,68.80003356933594,136.02560424804688
2020-11-20,5.370999813079834,360.5199890136719,59.64751052856445,175.69000244140625,101.88079833984375,135.26576232910156,68.42800903320312,136.02439880371094
2020-11-23,5.369999885559082,358.2799987792969,59.571205139160156,172.22999572753906,101.79983520507812,134.64596557617188,68.55741119384766,136.0570068359375
2020-11-24,5.36299991607666,365.6700134277344,60.461463928222656,169.58999633789062,101.83219909667969,133.3059539794922,68.92134094238281,136.02029418945312
2020-11-25,5.374000072479248,365.3999938964844,60.38516616821289,169.50999450683594,102.00225067138672,132.89561462402344,68.9617919921875,136.0157012939453
2020-11-26,5.36899995803833,365.739990234375,60.38516616821289,169.50999450683594,102.00225067138672,132.89561462402344,68.9617919921875,136.0157928466797
2020-11-27,5.374000072479248,366.9100036621094,60.80061340332031,167.7899932861328,102.25328826904297,134.18531799316406,68.65446472167969,136.00819396972656
2020-11-30,5.375,362.82000732421875,59.47793197631836,166.6699981689453,102.36664581298828,134.01788330078125,67.9346694946289,136.00869750976562
2020-12-01,5.368000030517578,370.0199890136719,60.87693786621094,170.17999267578125,102.13399505615234,132.0418701171875,68.80811309814453,135.9929962158203
2020-12-02,5.359000205993652,369.260009765625,60.88540267944336,171.4600067138672,102.20690155029297,130.9938201904297,68.26626586914062,135.97000122070312
2020-12-03,5.367000102996826,370.9100036621094,60.98714065551758,172.80999755859375,102.49063110351562,132.05027770996094,68.84046936035156,135.99240112304688
2020-12-04,5.360000133514404,372.2300109863281,61.50434875488281,172.32000732421875,102.27176666259766,130.11363220214844,69.89185333251953,135.9918975830078
2020-12-07,5.366000175476074,372.6000061035156,61.00409698486328,174.88999938964844,102.53929901123047,131.2873077392578,69.28529357910156,136.0279998779297
2020-12-08,5.374000072479248,372.8299865722656,61.21607208251953,175.5,102.70952606201172,131.90771484375,69.04267120361328,135.98800659179688
2020-12-09,5.373000144958496,372.3900146484375,61.30084991455078,172.5,102.57984161376953,131.47178649902344,68.61402130126953,135.9853057861328
2020-12-10,5.373000144958496,370.6000061035156,61.38565444946289,172.1699981689453,102.81489562988281,132.6371307373047,68.3147964477539,135.95579528808594
2020-12-11,5.389999866485596,367.75,61.19911575317383,172.49000549316406,102.80680847167969,133.10658264160156,68.25009155273438,135.98199462890625
2020-12-14,5.383999824523926,370.6099853515625,61.236778259277344,171.5399932861328,102.80680847167969,132.7376708984375,67.95084381103516,136.01199340820312
2020-12-15,5.385000228881836,369.8800048828125,61.86173629760742,173.94000244140625,102.99323272705078,132.29335021972656,69.34190368652344,135.9669952392578
2020-12-16,5.379000186920166,373.45001220703125,62.101444244384766,174.89999389648438,102.98512268066406,131.9413299560547,69.42276000976562,135.9730987548828
2020-12-17,5.379000186920166,374.8699951171875,62.53805160522461,176.74000549316406,103.0443344116211,131.59214782714844,70.0940170288086,135.9644012451172
2020-12-18,5.376999855041504,373.17999267578125,62.212730407714844,176.44000244140625,102.99568176269531,131.19769287109375,68.68680572509766,135.96490478515625
2020-12-21,5.381999969482422,369.4200134277344,61.41655731201172,175.8800048828125,102.97943115234375,131.71798706054688,68.2986068725586,135.96600341796875
2020-12-22,5.383999824523926,371.95001220703125,61.26245880126953,174.49000549316406,103.07675170898438,132.3978271484375,68.77578735351562,135.9949951171875
2020-12-23,5.377999782562256,373.5799865722656,61.92165756225586,175.64999389648438,103.1253433227539,131.48300170898438,68.3309555053711,135.9633026123047
2020-12-24,5.377999782562256,373.0400085449219,61.94733428955078,176.35000610351562,103.16592407226562,132.00331115722656,68.92919158935547,135.9633026123047
2020-12-28,5.380000114440918,373.0400085449219,62.45243453979492,175.7100067138672,103.2388916015625,132.06211853027344,69.340087890625,135.9512939453125
2020-12-29,5.38100004196167,377.6199951171875,62.854801177978516,176.35000610351562,103.19023895263672,131.89422607421875,68.74842071533203,135.9508056640625
2020-12-30,5.381999969482422,377.54998779296875,62.94041442871094,177.6999969482422,103.27130126953125,132.17958068847656,69.12643432617188,135.9508056640625
2020-12-31,5.381999969482422,376.75,62.460994720458984,178.36000061035156,103.49019622802734,132.37255859375,69.79203796386719,135.9508056640625
2021-01-04,5.394999980926514,373.7099914550781,62.78630828857422,182.3300018310547,103.60369873046875,132.213134765625,67.52398681640625,135.8990936279297
2021-01-05,5.382999897003174,374.6499938964844,63.436954498291016,182.8699951171875,103.5712890625,131.23126220703125,67.62259674072266,135.92779541015625
2021-01-06,5.361000061035156,380.69000244140625,64.16464233398438,179.89999389648438,103.26319122314453,128.5372772216797,67.73766326904297,135.92779541015625
2021-01-07,5.361000061035156,383.8299865722656,64.23311614990234,179.47999572753906,103.19835662841797,127.40434265136719,67.60616302490234,135.92100524902344
2021-01-08,5.360000133514404,384.7699890136719,64.8323974609375,173.33999633789062,102.79296875,126.99311065673828,68.26358032226562,135.92149353027344
2021-01-11,5.35699987411499,384.5899963378906,63.984859466552734,173.0,102.5740737915039,126.78334045410156,67.35964965820312,135.90890502929688
2021-01-12,5.3429999351501465,383.80999755859375,64.27593994140625,174.1199951171875,102.7119140625,126.68260955810547,67.51578521728516,135.94259643554688
2021-01-13,5.359000205993652,384.6600036621094,64.19032287597656,173.3699951171875,102.93892669677734,128.10923767089844,68.33755493164062,135.94039916992188
2021-01-14,5.363999843597412,385.1600036621094,64.70398712158203,173.27999877929688,102.987548828125,126.9091796875,68.74019622802734,135.8798065185547
2021-01-15,5.361999988555908,381.19000244140625,63.69378662109375,171.1300048828125,103.1010513305664,127.41278076171875,69.52909851074219,135.89599609375
2021-01-18,5.359000205993652,381.1199951171875,63.69378662109375,171.1300048828125,103.1010513305664,127.41278076171875,69.52909851074219,135.93589782714844
2021-01-19,5.361999988555908,382.0,64.15608978271484,172.5800018310547,103.34424591064453,127.82389831542969,69.33186340332031,135.89590454101562
2021-01-20,5.361999988555908,387.6700134277344,64.59268188476562,175.38999938964844,103.49829864501953,127.9498519897461,70.65491485595703,135.8961944580078
2021-01-21,5.355999946594238,388.8800048828125,64.64405059814453,175.27999877929688,103.74962615966797,127.05181884765625,70.3179931640625,135.89320373535156
2021-01-22,5.355999946594238,387.739990234375,64.33585357666016,173.89999389648438,103.58746337890625,127.4631118774414,70.4823226928711,135.8925018310547
2021-01-25,5.36899995803833,386.2900085449219,64.25880432128906,174.0500030517578,103.85502624511719,128.9652557373047,71.01647186279297,135.9208984375
2021-01-26,5.360000133514404,389.17999267578125,64.35297393798828,173.6199951171875,103.70101165771484,128.721923828125,71.51776123046875,135.88400268554688
2021-01-27,5.36299991607666,382.1499938964844,62.88047790527344,172.52000427246094,103.66857147216797,129.0492401123047,70.25222778320312,135.87579345703125
2021-01-28,5.357999801635742,385.05999755859375,63.282867431640625,172.67999267578125,103.87126159667969,128.3358612060547,70.6302490234375,135.87899780273438
2021-01-29,5.355999946594238,377.04998779296875,61.9730224609375,172.61000061035156,103.765869140625,127.56380462646484,69.81669616699219,135.85690307617188
2021-02-01,5.3520002365112305,379.55999755859375,62.709266662597656,174.22999572753906,103.53887176513672,127.71167755126953,71.41090393066406,135.89599609375
2021-02-02,5.348999977111816,387.4800109863281,63.3427848815918,172.11000061035156,103.69288635253906,126.88829803466797,71.83824157714844,135.85629272460938
2021-02-03,5.3480000495910645,386.8699951171875,63.49687957763672,171.85000610351562,103.63613891601562,125.7623519897461,71.65743255615234,135.86509704589844
2021-02-04,5.341000080108643,389.45001220703125,63.56536865234375,168.14999389648438,103.56318664550781,125.4262924194336,72.1505126953125,135.86959838867188
2021-02-05,5.334000110626221,392.6600036621094,63.95918273925781,169.80999755859375,103.53887176513672,124.37601470947266,72.4052505493164,135.8623046875
2021-02-08,5.324999809265137,393.67999267578125,64.40435028076172,171.52000427246094,103.63613891601562,124.92216491699219,72.79969024658203,135.85459899902344
2021-02-09,5.339000225067139,395.0,64.75534057617188,172.0800018310547,103.69288635253906,125.01458740234375,73.05445098876953,135.85049438476562
2021-02-10,5.335999965667725,394.7699890136719,64.53275299072266,172.7100067138672,103.78207397460938,125.84638214111328,73.44889068603516,135.84849548339844
2021-02-11,5.335999965667725,395.94000244140625,64.96936798095703,171.2100067138672,103.66043853759766,125.15742492675781,73.60498809814453,135.84530639648438
2021-02-12,5.327000141143799,396.489990234375,65.32894134521484,170.69000244140625,103.49019622802734,123.60303497314453,73.62144470214844,135.84449768066406
2021-02-15,5.313000202178955,399.7300109863281,65.32894134521484,170.69000244140625,103.49019622802734,123.60303497314453,73.62144470214844,135.8583984375
2021-02-16,5.302999973297119,397.75,65.79979705810547,168.24000549316406,102.987548828125,121.72100830078125,73.05445098876953,135.8070068359375
2021-02-17,5.307000160217285,395.0899963378906,65.41455078125,166.3300018310547,102.94701385498047,122.49398040771484,72.96404266357422,135.83450317382812
2021-02-18,5.300000190734863,394.1199951171875,65.08921813964844,166.32000732421875,102.5173110961914,121.99824523925781,72.65177917480469,135.8079071044922
2021-02-19,5.294000148773193,397.1600036621094,65.27757263183594,167.00999450683594,102.07952117919922,120.37661743164062,73.07088470458984,135.82569885253906
2021-02-22,5.284999847412109,392.760009765625,65.11491394042969,169.50999450683594,102.07142639160156,119.46076965332031,73.67898559570312,135.84390258789062
2021-02-23,5.276000022888184,390.25,65.17483520507812,169.1199951171875,102.09574127197266,119.11631774902344,74.13914489746094,135.81640625
2021-02-24,5.26800012588501,394.6700134277344,65.38029479980469,169.0,102.0146484375,118.3349380493164,74.70618438720703,135.8134002685547
2021-02-25,5.244999885559082,393.260009765625,64.26737213134766,165.82000732421875,100.76615142822266,116.40245056152344,73.27630615234375,135.80520629882812
2021-02-26,5.239999771118164,388.44000244140625,63.35991287231445,161.80999755859375,102.0146484375,120.25061798095703,72.20803833007812,135.80690002441406
2021-03-01,5.270999908447266,393.9800109863281,64.54987335205078,161.52999877929688,101.67417907714844,118.66238403320312,72.52851867675781,135.8321075439453
2021-03-02,5.27400016784668,391.9800109863281,64.48139953613281,162.41000366210938,102.08763122558594,118.6707763671875,71.83001708984375,135.79539489746094
2021-03-03,5.255000114440918,390.8599853515625,64.08759307861328,160.6199951171875,101.82819366455078,117.38369750976562,71.41913604736328,135.789306640625
2021-03-04,5.258999824523926,386.92999267578125,63.479766845703125,159.0399932861328,101.43902587890625,116.62659454345703,70.6055908203125,135.80799865722656
2021-03-05,5.249000072479248,378.2300109863281,63.89067840576172,159.13999938964844,101.54441833496094,116.8537826538086,71.3780517578125,135.81100463867188
2021-03-08,5.243000030517578,391.3500061035156,63.66810989379883,157.49000549316406,100.98503875732422,115.94526672363281,71.99437713623047,135.79859924316406
2021-03-09,5.248000144958496,393.3999938964844,64.52420043945312,160.83999633789062,101.61739349365234,117.55200958251953,72.47100067138672,135.80029296875
2021-03-10,5.250999927520752,394.5400085449219,64.79814910888672,161.66000366210938,102.07952117919922,117.78746795654297,73.19413757324219,135.7895050048828
2021-03-11,5.258999824523926,399.9800109863281,65.14058685302734,161.52000427246094,102.168701171875,116.93787384033203,74.04878234863281,135.76319885253906
2021-03-12,5.239999771118164,397.1400146484375,65.3032455444336,161.49000549316406,101.36608123779297,114.4562759399414,75.28963470458984,135.75990295410156
2021-03-15,5.245999813079834,398.8399963378906,65.3546142578125,162.1999969482422,101.66605377197266,115.12925720214844,76.4072265625,135.77740478515625
2021-03-16,5.24399995803833,401.6099853515625,65.46591186523438,162.35000610351562,101.87683868408203,114.66658782958984,76.09494018554688,135.77589416503906
2021-03-17,5.230000019073486,399.1600036621094,65.85115051269531,163.50999450683594,101.78764343261719,113.80856323242188,76.16069030761719,135.76759338378906
2021-03-18,5.2210001945495605,400.8699951171875,65.25188446044922,162.55999755859375,101.06610870361328,112.65606689453125,75.38822937011719,135.77330017089844
2021-03-19,5.228000164031982,396.9700012207031,65.43167114257812,163.24000549316406,101.26068878173828,113.35430908203125,74.36103057861328,135.77099609375
2021-03-22,5.236999988555908,399.05999755859375,65.4916000366211,163.0,101.74713897705078,114.62451934814453,74.88697052001953,135.78489685058594
2021-03-23,5.248000144958496,398.45001220703125,64.5841293334961,161.80999755859375,101.9579086303711,115.65922546386719,74.7801284790039,135.75979614257812
2021-03-24,5.25,398.1499938964844,64.25880432128906,162.3699951171875,102.2254638671875,116.28173065185547,74.36103057861328,135.76019287109375
2021-03-25,5.25600004196167,393.9200134277344,64.73822784423828,161.77999877929688,102.15245819091797,115.36480712890625,75.11817932128906,135.75990295410156
2021-03-26,5.249000072479248,398.8800048828125,65.57721710205078,162.24000549316406,102.1767807006836,114.96100616455078,76.73822784423828,135.75369262695312
2021-03-29,5.241000175476074,400.5199890136719,65.32037353515625,160.30999755859375,101.90116882324219,113.9852294921875,76.2918930053711,135.74569702148438
2021-03-30,5.230000019073486,400.95001220703125,65.23477172851562,157.57000732421875,101.7228012084961,114.58246612548828,76.39109802246094,135.74839782714844
2021-03-31,5.241000175476074,402.94000244140625,64.9522476196289,159.9600067138672,101.74713897705078,113.943115234375,75.92821502685547,135.7436981201172
2021-04-01,5.249000072479248,405.5799865722656,65.79979705810547,161.97999572753906,102.03968811035156,115.83428192138672,77.30856323242188,135.73899841308594
2021-04-05,5.249000072479248,405.5799865722656,66.75862121582031,161.9199981689453,101.74713134765625,115.328857421875,77.60611724853516,135.73899841308594
2021-04-06,5.249000072479248,413.20001220703125,66.04806518554688,163.22000122070312,101.80400848388672,116.1123046875,77.80449676513672,135.735595703125
2021-04-07,5.25,412.70001220703125,66.1850357055664,162.75999450683594,101.8690414428711,115.30357360839844,77.86235809326172,135.72900390625
2021-04-08,5.254000186920166,414.32000732421875,66.56172180175781,164.50999450683594,102.09654998779297,116.25546264648438,77.57305145263672,135.72900390625
2021-04-09,5.247000217437744,415.54998779296875,66.76717376708984,163.27000427246094,101.87715911865234,115.83428192138672,77.4821548461914,135.72369384765625
2021-04-12,5.24399995803833,417.239990234375,66.39905548095703,162.27999877929688,101.8934097290039,115.78368377685547,77.9367446899414,135.72129821777344
2021-04-13,5.245999813079834,418.6099853515625,66.7843017578125,163.42999267578125,102.26725006103516,116.6513671875,78.32524108886719,135.72149658203125
2021-04-14,5.245999813079834,419.6700134277344,66.83566284179688,162.72000122070312,102.26725006103516,116.28073120117188,77.9119644165039,135.7178955078125
2021-04-15,5.263000011444092,421.239990234375,67.39213562011719,165.35000610351562,102.81983947753906,118.22660827636719,79.2757797241211,135.71009826660156
2021-04-16,5.25,423.1000061035156,67.88011169433594,166.35000610351562,102.787353515625,117.3084487915039,79.44939422607422,135.70860290527344
2021-04-19,5.254000186920166,421.80999755859375,67.76026153564453,165.88999938964844,102.6085433959961,116.97149658203125,79.60641479492188,135.70199584960938
2021-04-20,5.258999824523926,417.3599853515625,66.54460144042969,166.47999572753906,102.67359161376953,117.51060485839844,80.25940704345703,135.69790649414062
2021-04-21,5.257999897003174,421.010009765625,67.22947692871094,168.1300048828125,102.77110290527344,117.74642181396484,80.78841400146484,135.69590759277344
2021-04-22,5.258999824523926,423.3599853515625,67.00688171386719,167.0399932861328,102.89298248291016,118.26033782958984,80.35032653808594,135.69940185546875
2021-04-23,5.260000228881836,422.8800048828125,67.69176483154297,166.39999389648438,102.94176483154297,117.98233795166016,80.82147216796875,135.69500732421875
2021-04-26,5.25600004196167,424.4800109863281,67.7431411743164,166.83999633789062,102.99864196777344,117.8138656616211,81.06117248535156,135.6885986328125
2021-04-27,5.252999782562256,423.95001220703125,67.52056121826172,166.4199981689453,102.99050903320312,116.78611755371094,81.05290985107422,135.6822967529297
2021-04-28,5.247000217437744,424.4599914550781,67.69176483154297,166.91000366210938,103.31559753417969,116.86195373535156,80.87932586669922,135.68299865722656
2021-04-29,5.23799991607666,424.7699890136719,67.71744537353516,166.22000122070312,103.266845703125,116.51661682128906,81.57364654541016,135.69459533691406
2021-04-30,5.244999885559082,423.80999755859375,66.86991119384766,165.66000366210938,103.2018051147461,116.78611755371094,81.89602661132812,135.6855926513672
2021-05-03,5.25,423.80999755859375,67.60616302490234,167.80999755859375,103.4588394165039,116.85613250732422,81.73896026611328,135.66859436035156
2021-05-04,5.252999782562256,419.3299865722656,66.60452270507812,166.5800018310547,103.69547271728516,117.64916229248047,81.2099380493164,135.67080688476562
2021-05-05,5.254000186920166,423.6000061035156,67.5119857788086,167.27000427246094,104.16058349609375,117.84320831298828,79.86265563964844,135.67010498046875
2021-05-06,5.254000186920166,423.2900085449219,68.06845092773438,170.05999755859375,104.03821563720703,118.03723907470703,80.30899047851562,135.66310119628906
2021-05-07,5.250999927520752,429.2799987792969,68.83894348144531,171.58999633789062,104.25853729248047,117.45514678955078,81.36698913574219,135.6645965576172
2021-05-10,5.248000144958496,428.92999267578125,68.4708251953125,172.11000061035156,104.30745697021484,116.26570129394531,81.34220123291016,135.63290405273438
2021-05-11,5.232999801635742,420.45001220703125,67.5719223022461,172.13999938964844,104.03002166748047,115.60762023925781,80.3172607421875,135.6522979736328
2021-05-12,5.22599983215332,415.0899963378906,66.49321746826172,170.42999267578125,103.85050964355469,114.39283752441406,78.28392028808594,135.65179443359375
2021-05-13,5.223999977111816,416.4599914550781,66.98976135253906,171.1300048828125,103.875,114.56997680664062,79.30058288574219,135.64950561523438
2021-05-14,5.230000019073486,422.1000061035156,68.11125183105469,172.69000244140625,104.2421875,115.64134979248047,80.24288177490234,135.64830017089844
2021-05-17,5.23199987411499,420.8399963378906,67.98284149169922,174.6999969482422,104.4461898803711,115.3967514038086,80.32552337646484,135.6479034423828
2021-05-18,5.2270002365112305,421.57000732421875,68.12837219238281,175.0399932861328,104.2911605834961,115.10148620605469,80.34204864501953,135.64129638671875
2021-05-19,5.235000133514404,414.010009765625,67.52911376953125,175.16000366210938,103.58124542236328,114.82310485839844,80.0858383178711,135.6396942138672
2021-05-20,5.230999946594238,421.7699890136719,68.41944885253906,175.9600067138672,103.7036361694336,115.76789855957031,80.98678588867188,135.63949584960938
2021-05-21,5.234000205993652,423.1300048828125,68.51362609863281,176.0399932861328,103.89131164550781,116.13910675048828,80.90411376953125,135.63670349121094
2021-05-24,5.245999813079834,426.1499938964844,68.93310546875,176.35000610351562,104.14427947998047,116.5693359375,81.91252899169922,135.65530395507812
2021-05-25,5.247000217437744,424.760009765625,68.9502182006836,177.9499969482422,104.43802642822266,117.64916229248047,81.88772583007812,135.62710571289062
2021-05-26,5.255000114440918,425.4100036621094,68.90742492675781,177.63999938964844,104.20140075683594,117.44673156738281,82.25142669677734,135.62530517578125
2021-05-27,5.245999813079834,426.3800048828125,69.03584289550781,177.7100067138672,104.19325256347656,116.9742431640625,82.06132507324219,135.62010192871094
2021-05-28,5.25,427.3500061035156,69.1985092163086,178.3800048828125,104.25853729248047,116.7887191772461,82.55724334716797,135.6221923828125
2021-05-31,5.25,427.3500061035156,69.1985092163086,178.3800048828125,104.25853729248047,116.7887191772461,82.55724334716797,135.62120056152344
2021-06-01,5.245999813079834,426.7200012207031,69.44676971435547,177.89999389648438,104.56288146972656,116.76245880126953,84.04505920410156,135.61399841308594
2021-06-02,5.245999813079834,427.6400146484375,69.67791748046875,178.77000427246094,104.4316177368164,117.03284454345703,85.02869415283203,135.60670471191406
2021-06-03,5.248000144958496,425.7900085449219,69.3354721069336,175.27000427246094,104.07886505126953,116.5935287475586,84.71459197998047,135.60830688476562
2021-06-04,5.255000114440918,428.4200134277344,69.92618560791016,177.16000366210938,104.57929229736328,118.19027709960938,84.75592041015625,135.60809326171875
2021-06-07,5.248000144958496,428.0199890136719,70.15733337402344,177.8699951171875,104.34956359863281,117.82696533203125,85.75605773925781,135.60040283203125
2021-06-08,5.255000114440918,427.8399963378906,70.12308502197266,177.32000732421875,104.45623779296875,118.65487670898438,86.4668960571289,135.59359741210938
2021-06-09,5.265999794006348,429.260009765625,69.93475341796875,176.97999572753906,104.46440887451172,119.70244598388672,86.58263397216797,135.59280395507812
2021-06-10,5.269000053405762,429.92999267578125,70.12738800048828,177.74000549316406,105.00585174560547,120.42057037353516,87.20254516601562,135.59890747070312
2021-06-11,5.275000095367432,430.1099853515625,70.29228210449219,175.74000549316406,104.7351303100586,120.22624206542969,86.85539245605469,135.58749389648438
2021-06-14,5.265999794006348,430.010009765625,70.41378021240234,174.7100067138672,104.67771911621094,119.30537414550781,87.19428253173828,135.57940673828125
2021-06-15,5.265999794006348,430.42999267578125,70.50054931640625,174.0500030517578,104.85000610351562,119.16171264648438,86.26026153564453,135.5778045654297
2021-06-16,5.269999980926514,431.0299987792969,70.06665802001953,171.11000061035156,103.89839172363281,119.0604019165039,85.69819641113281,135.5731964111328
2021-06-17,5.26200008392334,429.0299987792969,69.58067321777344,165.85000610351562,104.29214477539062,120.84297180175781,85.59075164794922,135.57269287109375
2021-06-18,5.271999835968018,424.32000732421875,68.14012145996094,164.92999267578125,104.3331527709961,123.11550903320312,84.135986328125,135.57769775390625
2021-06-21,5.270999908447266,427.8299865722656,69.03397369384766,166.9499969482422,104.1527099609375,121.05419158935547,85.87175750732422,135.55409240722656
2021-06-22,5.26200008392334,430.3599853515625,69.04264068603516,166.25,104.72693634033203,121.34986114501953,85.42543029785156,135.56309509277344
2021-06-23,5.264999866485596,430.9200134277344,68.60006713867188,166.13999938964844,104.75157928466797,121.03731536865234,85.27665710449219,135.56100463867188
2021-06-24,5.267000198364258,432.9200134277344,69.25958251953125,166.0399932861328,104.55464172363281,121.23158264160156,85.0926742553711,135.55979919433594
2021-06-25,5.260000228881836,434.4599914550781,69.40713500976562,166.58999633789062,104.66133117675781,119.9728012084961,85.66706848144531,135.55580139160156
2021-06-28,5.264999866485596,434.29998779296875,68.96454620361328,166.5800018310547,104.81719207763672,121.20623016357422,85.41732025146484,135.55059814453125
2021-06-29,5.271999835968018,436.1499938964844,68.98188781738281,164.8300018310547,104.87460327148438,121.40901184082031,85.18424987792969,135.54849243164062
2021-06-30,5.269999980926514,435.94000244140625,68.45252990722656,165.6300048828125,105.0140609741211,121.94971466064453,84.73472595214844,135.5458984375
2021-07-01,5.271999835968018,437.5,68.6174087524414,166.1999969482422,105.11563110351562,121.95645141601562,85.10099029541016,135.54620361328125
2021-07-02,5.2789998054504395,440.30999755859375,68.85173034667969,167.2899932861328,105.5615234375,122.69234466552734,85.35906982421875,135.54339599609375
2021-07-05,5.276000022888184,442.05999755859375,68.85173034667969,167.2899932861328,105.5615234375,122.69234466552734,85.35906982421875,135.54159545898438
2021-07-06,5.290999889373779,439.4700012207031,68.40046691894531,168.1199951171875,105.83402252197266,124.1305160522461,85.98339080810547,135.53439331054688
2021-07-07,5.300000190734863,441.5299987792969,68.77362823486328,168.75999450683594,105.75971221923828,125.23017883300781,86.28307342529297,135.53460693359375
2021-07-08,5.301000118255615,437.9700012207031,67.88845825195312,168.64999389648438,105.61932373046875,125.72079467773438,86.04167938232422,135.5406951904297
2021-07-09,5.298999786376953,443.04998779296875,69.04264068603516,169.2100067138672,105.63583374023438,123.95282745361328,87.4568099975586,135.5384063720703
2021-07-12,5.294000148773193,444.3599853515625,69.33770751953125,169.0,105.9166030883789,123.7921142578125,88.20602416992188,135.5279998779297
2021-07-13,5.296999931335449,445.989990234375,68.97322082519531,169.22000122070312,105.9166030883789,122.84463500976562,86.97400665283203,135.52859497070312
2021-07-14,5.294000148773193,444.07000732421875,69.12942504882812,171.0399932861328,106.19734954833984,124.240478515625,87.58170318603516,135.5128936767578
2021-07-15,5.300000190734863,443.3900146484375,68.46990203857422,171.07000732421875,106.5193862915039,125.61087036132812,87.72319793701172,135.5084991455078
2021-07-16,5.306000232696533,441.80999755859375,67.96656799316406,169.41000366210938,106.5193862915039,125.37394714355469,87.66493225097656,135.5124969482422
2021-07-19,5.318999767303467,433.05999755859375,66.73428344726562,169.61000061035156,106.56066131591797,128.12318420410156,86.06664276123047,135.50650024414062
2021-07-20,5.327000141143799,437.9200134277344,67.22025299072266,169.38999938964844,106.54415893554688,126.88817596435547,88.09780883789062,135.5092010498047
2021-07-21,5.316999912261963,441.6400146484375,68.24427032470703,168.75999450683594,106.27165222167969,125.28091430664062,88.08948516845703,135.51010131835938
2021-07-22,5.323999881744385,442.5799865722656,68.27030181884766,169.08999633789062,106.56887817382812,126.46520233154297,87.39022064208984,135.4987030029297
2021-07-23,5.318999767303467,447.3999938964844,68.74759674072266,168.55999755859375,107.04783630371094,125.61923217773438,88.11446380615234,135.49139404296875
2021-07-26,5.324999809265137,448.69000244140625,68.84305572509766,168.16000366210938,107.51023864746094,125.24706268310547,88.15606689453125,135.49290466308594
2021-07-27,5.330999851226807,445.5,68.56535339355469,168.44000244140625,107.48548126220703,126.58366394042969,88.65554809570312,135.48880004882812
2021-07-28,5.327000141143799,447.2699890136719,68.86038970947266,169.2899932861328,107.84880828857422,126.59207153320312,88.3475341796875,135.4864044189453
2021-07-29,5.328999996185303,449.42999267578125,69.33770751953125,171.1699981689453,107.65888214111328,125.88992309570312,88.36420440673828,135.48280334472656
2021-07-30,5.331999778747559,446.6400146484375,68.98188781738281,169.82000732421875,107.82404327392578,126.48217010498047,88.4807357788086,135.48280334472656
2021-08-02,5.3420000076293945,448.510009765625,69.32902526855469,169.61000061035156,107.86307525634766,127.61026763916016,88.2892837524414,135.47320556640625
2021-08-03,5.3420000076293945,446.44000244140625,69.82366943359375,169.49000549316406,107.96277618408203,127.67804718017578,88.39749908447266,135.47329711914062
2021-08-04,5.3429999351501465,447.6400146484375,69.61540222167969,169.52999877929688,107.75508117675781,127.94054412841797,88.12277221679688,135.4698028564453
2021-08-05,5.333000183105469,449.30999755859375,69.95384216308594,168.86000061035156,107.37297058105469,127.28836059570312,89.15501403808594,135.4683074951172
2021-08-06,5.322000026702881,450.4700012207031,69.6935043334961,164.63999938964844,107.1320571899414,125.16259765625,88.99686431884766,135.4674072265625
2021-08-09,5.321000099182129,450.2200012207031,69.65878295898438,161.72000122070312,106.94102478027344,124.71369171142578,88.5223617553711,135.46099853515625
2021-08-10,5.316999912261963,450.8999938964844,69.81500244140625,161.77000427246094,107.04070281982422,124.13783264160156,87.68160247802734,135.4597930908203
2021-08-11,5.315000057220459,451.29998779296875,70.29228210449219,164.0,107.21514892578125,124.06153106689453,88.19767761230469,135.4613037109375
2021-08-12,5.318999767303467,452.1300048828125,70.23153686523438,164.0399932861328,107.1320571899414,123.85826110839844,88.38916778564453,135.45599365234375
2021-08-13,5.326000213623047,453.8800048828125,70.6567611694336,166.38999938964844,107.4062271118164,125.81472778320312,88.87198638916016,135.44439697265625
2021-08-16,5.330999851226807,452.4700012207031,70.29228210449219,167.22000122070312,107.51417541503906,126.11961364746094,88.76376342773438,135.44479370117188
2021-08-17,5.328000068664551,452.6199951171875,69.63274383544922,166.97000122070312,107.22345733642578,126.06881713867188,88.67219543457031,135.44400024414062
2021-08-18,5.328999996185303,451.5299987792969,69.36373901367188,167.10000610351562,107.24007415771484,126.4923324584961,87.86471557617188,135.4403076171875
2021-08-19,5.333000183105469,447.2300109863281,68.67815399169922,166.61000061035156,107.2816162109375,127.4239730834961,88.2892837524414,135.43930053710938
2021-08-20,5.335000038146973,450.9200134277344,68.94718170166016,166.6999969482422,106.9493179321289,127.50868225097656,88.73046112060547,135.43679809570312
2021-08-23,5.331999778747559,455.94000244140625,69.58937072753906,168.72999572753906,107.19853973388672,127.4239730834961,88.56396484375,135.43679809570312
2021-08-24,5.329999923706055,456.1600036621094,69.73688507080078,168.64999389648438,107.19853973388672,126.43297576904297,88.17272186279297,135.42599487304688
2021-08-25,5.309000015258789,457.239990234375,69.76292419433594,167.47999572753906,107.15702819824219,125.38278198242188,88.11446380615234,135.4243927001953
2021-08-26,5.315000057220459,455.70001220703125,69.3984375,167.6699981689453,107.17362213134766,125.73001861572266,88.14775085449219,135.4261016845703
2021-08-27,5.320000171661377,458.05999755859375,70.03193664550781,170.19000244140625,107.9793701171875,126.58545684814453,89.07176971435547,135.4163055419922
2021-08-30,5.326000213623047,458.05999755859375,70.01460266113281,169.35000610351562,107.96277618408203,126.91575622558594,89.9625015258789,135.41110229492188
2021-08-31,5.316999912261963,460.7300109863281,69.97987365722656,169.69000244140625,107.64710235595703,126.05187225341797,90.38703155517578,135.41110229492188
2021-09-01,5.315999984741211,460.8999938964844,70.61337280273438,169.6999969482422,107.69392395019531,126.2630615234375,91.83550262451172,135.4102020263672
2021-09-02,5.318999767303467,462.010009765625,70.89974212646484,169.25,107.73577117919922,126.81421661376953,92.31832122802734,135.40699768066406
2021-09-03,5.315000057220459,461.260009765625,71.2208251953125,171.05999755859375,107.585205078125,125.66089630126953,92.33495330810547,135.40379333496094
2021-09-06,5.313000202178955,462.67999267578125,71.2208251953125,171.05999755859375,107.585205078125,125.66089630126953,92.33495330810547,135.39849853515625
2021-09-07,5.301000118255615,459.75,71.27289581298828,167.7100067138672,107.31755828857422,124.60093688964844,91.29439544677734,135.39739990234375
2021-09-08,5.302999973297119,457.9700012207031,70.70883178710938,167.2899932861328,107.75252532958984,125.44893646240234,91.75225830078125,135.3927001953125
2021-09-09,5.314000129699707,459.3599853515625,70.58734130859375,168.02999877929688,108.32128143310547,126.96688842773438,89.88758087158203,135.39349365234375
2021-09-10,5.309999942779541,456.30999755859375,70.43114471435547,167.17999267578125,108.02015686035156,125.84749603271484,88.57230377197266,135.39309692382812
2021-09-13,5.313000202178955,454.3299865722656,70.98653411865234,167.74000549316406,108.02015686035156,126.61075592041016,89.17166137695312,135.3802947998047
2021-09-14,5.317999839782715,453.7900085449219,70.69148254394531,168.82000732421875,108.07870483398438,128.14564514160156,89.01350402832031,135.38470458984375
2021-09-15,5.316999912261963,453.3699951171875,70.89974212646484,167.8300018310547,108.13725280761719,127.69620513916016,89.29654693603516,135.37860107421875
2021-09-16,5.309000015258789,453.1099853515625,70.78693389892578,164.02999877929688,107.96160888671875,127.11107635498047,89.3714599609375,135.3784942626953
2021-09-17,5.318999767303467,451.9599914550781,69.85838317871094,163.77000427246094,107.65211486816406,126.50048828125,88.57230377197266,135.37379455566406
2021-09-20,5.309000015258789,443.4700012207031,68.56535339355469,164.94000244140625,107.75252532958984,128.0693359375,88.03120422363281,135.37210083007812
2021-09-21,5.314000129699707,445.2699890136719,69.24224090576172,166.0399932861328,107.6772232055664,127.95907592773438,88.07283782958984,135.35330200195312
2021-09-22,5.309000015258789,448.0299987792969,69.58937072753906,165.4199981689453,107.56847381591797,128.7222900390625,88.93025207519531,135.36309814453125
2021-09-23,5.293000221252441,453.0299987792969,70.34434509277344,163.50999450683594,107.1837158203125,125.81356811523438,88.75544738769531,135.3616943359375
2021-09-24,5.2829999923706055,452.19000244140625,69.68482208251953,163.3000030517578,106.91603088378906,124.58396911621094,87.80644989013672,135.35850524902344
2021-09-27,5.2769999504089355,452.8500061035156,69.64141845703125,163.63999938964844,106.96621704101562,124.12601470947266,86.62540435791016,135.35260009765625
2021-09-28,5.267000198364258,444.1300048828125,68.12277221679688,162.0500030517578,106.73199462890625,122.19246673583984,86.03907775878906,135.3524932861328
2021-09-29,5.269000053405762,445.1400146484375,67.96656799316406,161.32000732421875,106.79057312011719,122.40444946289062,86.68402099609375,135.36289978027344
2021-09-30,5.260000228881836,442.6199951171875,67.69754791259766,164.22000122070312,106.80731201171875,122.38750457763672,85.25172424316406,135.3448944091797
2021-10-01,5.265999794006348,440.5199890136719,67.86241912841797,164.58999633789062,107.27058410644531,123.41749572753906,86.4578857421875,135.3441925048828
2021-10-04,5.26800012588501,436.20001220703125,67.15082550048828,165.36000061035156,107.26222229003906,123.10332489013672,86.47463989257812,135.33580017089844
2021-10-05,5.257999897003174,444.239990234375,67.61077880859375,164.58999633789062,107.37132263183594,121.91459655761719,85.87993621826172,135.3321075439453
2021-10-06,5.25600004196167,438.4100036621094,67.15950775146484,165.02999877929688,107.31255340576172,122.60238647460938,86.7007827758789,135.32040405273438
2021-10-07,5.249000072479248,450.57000732421875,67.68017578125,164.16000366210938,107.22023010253906,121.32022094726562,86.93533325195312,135.34930419921875
2021-10-08,5.23799991607666,448.19000244140625,67.6715087890625,164.22999572753906,107.24540710449219,120.47111511230469,86.11446380615234,135.32839965820312
2021-10-11,5.230000019073486,449.0799865722656,67.45455932617188,163.9199981689453,107.17826080322266,120.16544342041016,86.33222961425781,135.3094940185547
2021-10-12,5.23199987411499,443.6400146484375,67.4892578125,164.66000366210938,107.37969207763672,122.22029113769531,87.46299743652344,135.31869506835938
2021-10-13,5.243000030517578,441.8599853515625,68.15747833251953,167.58999633789062,107.8664779663086,123.40904998779297,88.0995864868164,135.3188018798828
2021-10-14,5.257999897003174,450.7799987792969,68.83435821533203,168.0,108.07630157470703,123.8675308227539,89.1717300415039,135.3166961669922
2021-10-15,5.252999782562256,454.8900146484375,69.40713500976562,165.3300018310547,107.90005493164062,123.14579772949219,89.10472869873047,135.3280029296875
2021-10-18,5.24399995803833,456.3999938964844,69.11206817626953,164.9199981689453,107.67344665527344,123.72321319580078,89.33087921142578,135.30569458007812
2021-10-19,5.236999988555908,459.5899963378906,69.52862548828125,165.4499969482422,107.41328430175781,122.0164794921875,89.37276458740234,135.30189514160156
2021-10-20,5.235000133514404,461.8500061035156,69.7716064453125,166.89999389648438,107.6063232421875,121.19287872314453,90.77994537353516,135.29530334472656
2021-10-21,5.22599983215332,461.1600036621094,69.44183349609375,166.75,107.84972381591797,121.04850006103516,90.90555572509766,135.30360412597656
2021-10-22,5.228000164031982,461.75,69.85838317871094,167.77000427246094,108.06793212890625,122.38155364990234,91.33277130126953,135.29469299316406
2021-10-25,5.234000205993652,464.6199951171875,69.71953582763672,168.92999267578125,108.32809448242188,122.1948013305664,91.62593078613281,135.28880310058594
2021-10-26,5.236000061035156,467.29998779296875,69.85838317871094,167.67999267578125,108.7057876586914,123.2052230834961,91.87721252441406,135.2886962890625
2021-10-27,5.251999855041504,466.0199890136719,69.58067321777344,168.1199951171875,109.21775817871094,125.44685363769531,91.0982437133789,135.2740936279297
2021-10-28,5.255000114440918,467.57000732421875,70.257568359375,168.0800018310547,108.26937103271484,125.0223159790039,92.37138366699219,135.27870178222656
2021-10-29,5.244999885559082,468.2099914550781,69.84970092773438,166.64999389648438,107.99240112304688,125.40443420410156,91.33277130126953,135.27969360351562
2021-11-01,5.23799991607666,469.5299987792969,70.52659606933594,167.52000427246094,107.56561279296875,124.50149536132812,91.78507232666016,135.27499389648438
2021-11-02,5.254000186920166,471.80999755859375,70.37905883789062,167.16000366210938,107.99408721923828,125.05413055419922,92.22061157226562,135.2725067138672
2021-11-03,5.247000217437744,471.4700012207031,70.95182037353516,165.77000427246094,107.84284210205078,123.76185607910156,92.53053283691406,135.27099609375
2021-11-04,5.263999938964844,475.79998779296875,70.9084243774414,167.64999389648438,108.55695343017578,125.06262969970703,91.65105438232422,135.268798828125
2021-11-05,5.284999847412109,479.69000244140625,71.0125732421875,169.83999633789062,108.93495178222656,126.93304443359375,92.1201171875,135.2635955810547
2021-11-08,5.2769999504089355,479.1700134277344,71.0038833618164,170.4499969482422,109.29621124267578,126.6950454711914,92.04472351074219,135.25999450683594
2021-11-09,5.290999889373779,477.1199951171875,70.84768676757812,171.2899932861328,109.9346923828125,128.34442138671875,92.20388793945312,135.25999450683594
2021-11-10,5.270999908447266,476.95001220703125,69.98856353759766,173.14999389648438,109.5986557006836,125.99785614013672,91.77668762207031,135.23739624023438
2021-11-11,5.26200008392334,474.6700134277344,70.24021911621094,174.1199951171875,109.58183288574219,125.81080627441406,91.92745208740234,135.23739624023438
2021-11-12,5.256999969482422,477.0799865722656,70.6220474243164,174.4499969482422,109.5650634765625,125.25813293457031,91.86044311523438,135.23739624023438
2021-11-15,5.252999782562256,477.92999267578125,70.49188995361328,174.17999267578125,109.58183288574219,123.68535614013672,92.50540924072266,135.2700958251953
2021-11-16,5.248000144958496,479.9599914550781,70.33568572998047,172.9199981689453,109.4222183227539,123.37076568603516,91.89395141601562,135.24099731445312
2021-11-17,5.247000217437744,478.489990234375,70.24888610839844,174.5,109.64064025878906,124.34851837158203,92.17875671386719,135.23789978027344
2021-11-18,5.256999969482422,478.8699951171875,70.31832122802734,173.94000244140625,109.70787048339844,124.81607818603516,92.19548797607422,135.239501953125
2021-11-19,5.264999866485596,480.1000061035156,69.71953582763672,172.61000061035156,109.50627899169922,126.13391876220703,91.65105438232422,135.239501953125
2021-11-22,5.256999969482422,482.4700012207031,69.3116683959961,168.74000549316406,108.62415313720703,124.65451049804688,91.19873046875,135.25250244140625
2021-11-23,5.236999988555908,476.1700134277344,69.24224090576172,167.27999877929688,108.2040786743164,122.85216522216797,91.93583679199219,135.25250244140625
2021-11-24,5.234000205993652,478.1600036621094,68.78229522705078,167.1199951171875,108.54013061523438,124.8245620727539,93.04985046386719,135.22390747070312
2021-11-25,5.236999988555908,480.05999755859375,68.78229522705078,167.1199951171875,108.54013061523438,124.8245620727539,93.04985046386719,135.22390747070312
2021-11-26,5.26800012588501,468.6499938964844,66.93387603759766,166.85000610351562,109.07777404785156,127.9787826538086,90.46163940429688,135.22390747070312
2021-11-29,5.26800012588501,473.3900146484375,67.27230834960938,166.6199951171875,108.82576751708984,126.95006561279297,91.1317367553711,135.22120666503906
2021-11-30,5.2769999504089355,467.739990234375,66.68221282958984,165.5,108.9266128540039,128.88002014160156,89.40626525878906,135.22120666503906
2021-12-01,5.264999866485596,474.1600036621094,66.30036926269531,166.16000366210938,108.58668518066406,129.67507934570312,87.93205261230469,135.22120666503906
2021-12-02,5.2829999923706055,464.55999755859375,67.12480163574219,165.24000549316406,108.90637969970703,129.8367919921875,90.57052612304688,135.22120666503906
2021-12-03,5.283999919891357,463.25,66.84709167480469,166.6300048828125,109.13353729248047,131.385986328125,90.26899719238281,135.22120666503906
2021-12-06,5.2820000648498535,467.6099853515625,67.4892578125,166.22000122070312,108.63717651367188,129.5813751220703,91.8520736694336,135.2010955810547
2021-12-07,5.2779998779296875,478.2099914550781,68.9124755859375,166.80999755859375,108.81382751464844,128.53436279296875,93.17549133300781,135.20680236816406
2021-12-08,5.261000156402588,477.4700012207031,69.04264068603516,166.89999389648438,108.62873077392578,126.31271362304688,93.84558868408203,135.1981964111328
2021-12-09,5.2789998054504395,478.45001220703125,68.46990203857422,165.8800048828125,108.1828842163086,127.01921081542969,92.4886703491211,135.1710968017578
2021-12-10,5.2789998054504395,477.739990234375,68.6174087524414,166.5800018310547,108.17444610595703,126.71276092529297,92.77344512939453,135.1710968017578
2021-12-13,5.288000106811523,476.9800109863281,67.97466278076172,167.0,108.2838134765625,128.5854949951172,93.6445541381836,135.1710968017578
2021-12-14,5.28000020980835,471.30999755859375,67.61267852783203,165.44000244140625,107.93888854980469,128.2789764404297,92.44679260253906,135.18190002441406
2021-12-15,5.2779998779296875,470.9200134277344,68.5308837890625,166.14999389648438,108.03144073486328,127.04475402832031,93.74505615234375,135.17730712890625
2021-12-16,5.2769999504089355,480.1400146484375,68.53971862792969,168.16000366210938,108.256591796875,127.09418487548828,93.71156311035156,135.17730712890625
2021-12-17,5.283999919891357,473.8800048828125,67.67447662353516,167.8000030517578,108.26506805419922,128.53433227539062,93.59429168701172,135.17849731445312
2021-12-20,5.2820000648498535,462.7799987792969,67.5243911743164,167.08999633789062,108.20579528808594,127.57136535644531,92.86558532714844,135.16769409179688
2021-12-21,5.257999897003174,469.8999938964844,68.27484893798828,167.02000427246094,108.44282531738281,127.08564758300781,93.91260528564453,135.16610717773438
2021-12-22,5.252999782562256,478.0899963378906,68.91055297851562,168.58999633789062,108.78987121582031,127.67369079589844,94.8758544921875,135.16419982910156
2021-12-23,5.25600004196167,482.7799987792969,69.3166732788086,168.97000122070312,108.5444107055664,126.56584167480469,94.77531433105469,135.1602020263672
2021-12-24,5.25600004196167,482.8599853515625,69.3166732788086,168.97000122070312,108.5444107055664,126.56584167480469,94.77531433105469,135.1602020263672
2021-12-27,5.265999794006348,482.8599853515625,69.85525512695312,169.3699951171875,108.90840148925781,126.8725814819336,96.38426971435547,135.19419860839844
2021-12-28,5.264999866485596,482.8599853515625,69.8817367553711,168.63999938964844,108.84066772460938,126.36981201171875,96.73938751220703,135.14169311523438
2021-12-29,5.25,488.30999755859375,69.85525512695312,168.58999633789062,108.93376922607422,124.98928833007812,97.39038848876953,135.14169311523438
2021-12-30,5.236999988555908,490.260009765625,69.67211151123047,169.8000030517578,109.50090789794922,126.03744506835938,97.81312561035156,135.1215057373047
